year,country,health_expenses,education,gdp_per_capita,gini_index,greenhousepc,pop_density,precipitation,productivity_per_hour,remuneration_per_capita,unemployment,inflation,div_per_100_marriges_,0-14,15-24,25-49,50-64,65-79,80-more,Per capita CO₂ emissions (Global Carbon Project; Gapminder; UN) (tonnes per capita),20-24 years old (%),10-14 years old (%),All ages (%),70+ years old (%),30-34 years old (%),15-19 years old (%),25-29 years old (%),50-69 years old (%),Age-standardized (%),15-49 years old (%)
2000,Austria,0.0,21.0,25743.7,24.0,10.0,95.4,0,30.5,12455.8,4.7,2.0,49.8,1365465,954736,3060665,1394859,957077,278765,8.222999999999999,4.112187261,1.3720410528799998,3.9761684626599996,4.858306553269999,4.47585069252,3.0272496708500003,4.31759774408,4.63942270201,3.47346866061,4.40565615465
2000,Belgium,0.0,25.7,24524.2,30.0,14.6,335.4,32397,38.4,12206.1,6.6,2.7,59.8,1804938,1243354,3753829,1726716,1356489,365926,12.305,4.41783981175,1.7797078780700002,4.25064319419,4.83095306149,4.799470755430001,3.45109312,4.59262853573,4.92853518872,3.7861387153600004,4.75182996627
2000,Bulgaria,0.0,19.2,5588.5,25.0,7.3,73.8,0,8.6,1995.0,16.2,10.3,30.1,1283720,1181438,2858550,1518479,1149394,178593,5.647,2.8526814912700003,0.9387169137829999,3.4376724057700003,6.29675992895,2.90445977608,2.23052030283,2.88209692101,4.744109524710001,2.72520501506,2.98302770343
2000,Croatia,0.0,0.0,9486.8,0.0,5.9,0.0,53137,13.9,4814.4,0.0,4.5,20.1,0,0,0,0,0,0,4.468999999999999,3.24695913391,1.04285714124,3.61952689773,6.635193985180002,3.2032615415700003,2.49634861009,3.22842439359,5.12716040291,2.9927153704,3.29650869384
2000,Cyprus,0.0,22.4,18656.3,0.0,11.9,74.6,3152,21.4,7412.4,5.0,4.9,12.7,156484,108516,245942,105003,60204,17875,7.527,3.8375885165,1.77412503315,3.55962617487,4.47529395715,4.234562281790001,3.2696509447099995,4.049038863180002,4.46402785118,3.31954646505,4.0884313391300005
2000,Czech Republic,0.0,21.5,14186.8,0.0,14.5,130.3,54733,15.8,5456.7,8.8,3.9,53.7,1684623,1563030,3702512,1890538,1174179,240182,12.225,3.00400410642,0.983631692586,3.404745466,5.9891773298,3.06157420823,2.33205307355,3.00325852044,4.6678721347400005,2.82951692177,3.17890272679
2000,Denmark,0.0,23.6,25114.6,0.0,13.1,123.7,32000,33.2,12535.0,4.5,2.8,37.5,987759,613208,1942041,1005436,579938,211236,10.29,3.8642238442800005,1.39771201842,4.00803873876,4.762828933580001,4.550540199559999,2.89617408788,4.2190198168199995,4.87434008764,3.52180682762,4.486688118459999
2000,Estonia,0.0,25.4,8255.2,36.0,12.4,32.1,29117,10.0,3731.2,13.4,3.9,77.1,246305,200185,492760,248290,172815,36630,10.978,4.19445254545,1.4748903445800001,5.4461545232400015,10.2990861677,4.674189817789999,3.3794431699400005,4.43503749597,7.977221521110001,4.4839542341100005,4.75311088461
2000,Finland,6.8,24.7,23441.6,24.0,13.5,15.3,240000,30.3,10933.8,11.1,3.0,53.2,939667,659640,1823657,981062,598093,174091,10.993,7.036094598089999,2.10360410393,5.93979309757,6.10302505108,7.15054826565,4.899241239369999,7.049760750560001,6.804052094979999,5.3450037337200005,7.026330604400001
2000,France,0.0,23.6,22921.1,28.0,9.1,95.7,572226,34.9,11649.9,10.2,1.8,38.2,11596113,7896785,21841186,9785356,7404467,2238264,6.957000000000001,5.11507963931,1.99107163752,4.84706718264,5.2270622172099985,5.6478640885399995,3.926010299,5.34004228682,5.5668813756599995,4.41476992151,5.5716258001600005
2000,Germany,9.8,20.5,23919.5,25.0,12.7,230.1,294000,33.9,12663.7,7.9,1.4,46.4,12837128,9208093,31072553,15571101,10511889,3010744,11.036,4.36508367215,1.8803253426700002,4.3644530911300015,5.26380707701,4.751204559840001,3.492509971,4.56832065061,4.9555115253199995,3.796649650960001,4.70220466443
2000,Greece,0.0,18.8,17103.0,33.0,11.7,81.7,0,20.3,5265.0,11.2,2.9,23.1,1577501,1543368,3914973,1874846,1511961,383160,9.242,4.8913564354400005,2.38487950306,4.8359327079800005,5.650046895630001,5.2806872619,4.26058473659,5.0764345919,5.66824802404,4.23586287926,5.23619686513
2000,Hungary,0.0,22.3,10407.9,26.0,7.2,109.9,40548,12.3,4585.8,6.6,10.0,49.9,1710623,1503328,3628525,1830469,1268939,269089,5.727,2.90585282048,0.934877150232,3.62279582432,6.323807690340001,3.2026033984099995,2.21905831836,3.0168972591100003,5.134684183269999,2.9656474148900003,3.35199431741
2000,Ireland,0.0,26.0,26442.6,30.0,18.0,54.1,0,30.7,10158.9,4.3,5.3,13.7,828153,640173,1357557,553029,330301,95962,11.741,5.23396803486,2.00801183526,4.629183637980001,5.24514353621,5.6016271497000005,4.0331441550900005,5.4158851236,5.65089799235,4.325262664019999,5.44176390629
2000,Italy,0.0,18.7,23682.0,29.0,9.7,188.9,244649,31.6,8752.2,10.8,2.6,13.2,8133237,6659125,21168147,10577751,8106045,2297805,8.138,3.95971714601,1.89311755488,4.081001640809999,5.501286714959999,4.25645517202,3.3798778895100003,4.10683974931,4.637964472059999,3.4586405087100003,4.2098278330899985
2000,Latvia,0.0,23.5,7026.8,34.0,4.4,36.9,42634,9.1,2903.8,14.2,2.6,66.6,418408,340125,828316,426482,294413,59807,2.965,3.58252734116,1.1537576418700002,4.62679113479,8.30204690579,4.20576216129,2.7175614034099995,3.92164640521,6.842593944390002,3.831643482440001,4.15199350174
2000,Lithuania,0.0,24.6,7410.8,31.0,5.6,53.8,39968,10.0,2895.4,15.9,1.1,64.4,698447,497524,1255024,564896,402751,80896,3.373,4.45671613959,1.23391465644,5.11208502089,9.05636344086,4.86952902386,3.2180923554,4.62310443381,7.73928636149,4.41687802623,4.923736853079999
2000,Luxembourg,0.0,18.8,48498.3,26.0,22.2,167.7,0,50.0,22442.6,2.3,3.8,48.0,82604,49703,171976,70597,48248,13174,19.881,4.50137899877,1.71023308663,4.32607054106,5.280407036680001,5.010473471519999,3.4542120518900004,4.7958973199,5.1552440948100005,3.8576175740900003,4.889343477830001
2000,Malta,0.0,22.5,16022.1,30.0,7.2,1231.8,143,19.0,6955.9,6.3,3.0,-,77399,58421,134386,68471,38001,9131,6.101,3.94405778193,1.8145268932900003,3.73560409351,4.56608069612,4.28509582938,3.36481212735,4.12874172319,4.54153467925,3.40041285866,4.185871011530001
2000,Netherlands,0.0,22.4,27930.1,29.0,13.8,382.0,33510,37.0,14007.5,2.7,2.3,39.3,2961541,1888279,6148399,2763823,1654984,508488,10.777999999999999,4.80811745717,1.6096466553600002,4.613271887240001,5.277953001699999,5.44839898162,3.2886195761900003,5.14163364036,5.372559173709999,4.09851421822,5.2942639062099985
2000,Poland,0.0,26.1,9334.4,30.0,10.2,122.4,197268,11.8,3848.0,16.3,10.1,20.3,7438188,6443545,13890731,5801243,3925579,759344,8.226,2.54814471942,0.7559624018559999,2.6555395963999997,4.3162497327799985,2.5977048652100003,1.88042190679,2.54366837487,3.9203680709099995,2.3258803821600003,2.68882708911
2000,Portugal,8.4,22.0,16549.3,36.0,8.1,111.2,71207,17.6,7964.4,3.8,2.8,30.0,1685078,1491371,3705865,1742082,1316760,348744,6.343,5.18129383312,2.46150547062,5.332069096790001,6.80399797923,5.66860823633,4.50482176365,5.418003806030001,6.4675238708,4.66383786726,5.624110411240001
2000,Romania,0.0,20.4,5150.5,29.0,6.3,94.2,102000,5.8,2019.9,7.0,45.7,22.6,4103511,3616305,8118537,3615383,2589291,399946,4.2010000000000005,2.3965061882099996,0.876880364673,2.75293003835,4.83612184136,2.55556286217,1.94249336629,2.4649855376,4.15519075288,2.35115460975,2.61569253458
2000,Slovakia,0.0,23.9,9951.0,0.0,9.2,110.1,37500,14.6,3998.4,19.1,12.2,35.8,1051622,919827,2001897,800019,515561,99795,7.644,2.4920180213,0.861735569515,2.85563801442,5.389688327409999,2.63527441341,1.96633666211,2.5526583589099996,4.50087366893,2.51263968208,2.71714187299
2000,Slovenia,0.0,22.5,15816.3,22.0,9.6,98.0,31780,20.1,7979.7,6.9,9.0,29.5,316890,290302,764898,338433,232443,45961,7.76,3.693206449,1.06461031375,3.9638993451699998,6.78623346232,3.57903946395,2.71885144264,3.5984345205,5.56971891734,3.30867060571,3.730708580880001
2000,Spain,0.0,21.9,18868.6,32.0,9.5,80.0,397962,26.2,9146.4,13.8,3.5,17.4,5967867,5952552,15435500,6452775,5265575,1493596,7.626,3.83959379018,1.8829232131,3.98566953435,5.01479527617,4.12898503,3.2828133978000005,3.9736298670599997,4.80086240748,3.4672201643700005,4.10539910728
2000,Sweden,0.0,27.4,25656.4,0.0,7.7,20.1,424479,32.2,11546.1,5.5,1.3,53.9,1635250,1025183,3021562,1658394,1087199,444522,6.162000000000001,5.6344196221899985,1.7766923560499999,5.12345488194,5.971091734580001,5.90073053597,4.12632311705,5.7104074435399985,5.92924952747,4.56050888632,5.885795886
2000,United Kingdom,0.0,27.4,23005.5,32.0,12.1,236.5,338990,29.0,11365.5,5.6,0.8,50.5,11199610,7157286,21055058,10164102,6951115,2365343,9.509,5.00926349872,1.7403169014,4.722762529090001,5.472613201310001,5.76261052041,3.80006973418,5.45322275348,5.547182283310001,4.2405161196,5.47805591318
2001,Austria,0.0,21.0,25792.6,24.0,10.5,0.0,0,30.7,12349.6,4.0,2.3,60.2,1352476,958935,3067146,1420120,948661,294957,8.701,4.07734719694,1.3715897730700002,3.95867215602,4.82508340151,4.43371838105,3.01470303929,4.26608854871,4.61877555994,3.4488051468900003,4.37366289052
2001,Belgium,0.0,26.3,25135.8,28.0,14.4,336.2,34094,39.1,12829.9,6.2,2.4,69.6,1805168,1244432,3746576,1752331,1352748,385316,12.196,4.474154341419999,1.7880355068400002,4.29104336688,4.8310697446,4.8465102387400005,3.4742671388999997,4.64339144091,4.9700814843300005,3.82088309145,4.80541966785
2001,Bulgaria,0.0,19.0,5996.9,26.0,7.8,73.4,0,9.0,2154.4,19.9,7.4,32.1,1219833,1130260,2800349,1524577,1140007,194118,6.1610000000000005,2.8177214061400004,0.935046054297,3.4409523088500005,6.25023149107,2.89413008908,2.2070410855200002,2.8586424681000002,4.72811640832,2.7096939226,2.96441297062
2001,Croatia,0.0,0.0,10126.3,0.0,6.3,0.0,62517,14.6,4864.6,0.0,4.3,21.2,719675,564510,1526825,788402,598280,102642,4.75,3.20184250357,1.0416084409500002,3.61029411485,6.59376682842,3.16784645074,2.47530409221,3.18051466357,5.07443882794,2.96765948363,3.26657818746
2001,Cyprus,0.0,22.4,19852.4,0.0,11.7,75.4,3213,22.2,7800.4,4.0,2.0,11.3,153654,109722,249268,108419,62290,18193,7.257999999999999,3.8383420965199995,1.77669206042,3.5792138489699994,4.4851044163800005,4.24143999524,3.26897147763,4.0527850731,4.4633609091,3.32312596024,4.0936390549000015
2001,Czech Republic,0.0,21.7,15237.3,25.0,14.6,129.7,63960,17.7,5864.2,8.0,4.5,60.3,1641070,1508975,3707211,1946826,1160847,251676,12.218,2.9873470788,0.982288993111,3.40608408575,5.9261436623699995,3.03286983835,2.32282270752,2.98518692375,4.6492615758800016,2.81363941513,3.15722410671
2001,Denmark,0.0,23.9,25562.3,22.0,13.4,124.1,32000,33.5,12988.8,4.2,2.3,39.9,999786,601907,1941858,1021969,578156,215108,10.543,3.8111642908,1.39734833403,3.95875274876,4.72047924548,4.48160175401,2.87989752684,4.1544241491500005,4.82110965872,3.4794634174500003,4.42975451839
2001,Estonia,0.0,25.8,8942.8,35.0,12.8,31.9,34665,10.7,3982.8,13.1,5.6,76.4,238095,199915,489850,248085,175095,37075,11.288,4.163165480880001,1.4544900307600002,5.45075836831,10.2397722953,4.63914049009,3.34216503397,4.41446671102,7.93240831592,4.45537972358,4.71182283384
2001,Finland,7.0,25.2,24104.8,27.0,14.5,15.3,217000,31.1,11209.9,10.3,2.7,54.6,933960,656914,1806939,1007912,602062,180223,12.022,6.9738735837600005,2.09096583537,5.89614048161,6.06582796995,7.08001361274,4.8570901628,6.966741923169999,6.75926597972,5.29870102143,6.955282077850001
2001,France,0.0,23.4,23931.9,27.0,9.1,96.4,542698,36.7,12220.0,8.6,1.8,39,11640018,7947375,21764172,10069304,7403971,2376837,6.936,5.07421773701,1.98942181163,4.82504580187,5.1561221721,5.61644705569,3.90736375018,5.299727087819999,5.537393514430001,4.39321256217,5.5520479573
2001,Germany,9.9,20.5,24716.9,25.0,12.9,230.4,327000,35.5,12900.5,7.8,1.9,50.7,12698043,9325717,30888768,15557530,10714138,3165731,11.23,4.39575133176,1.88058748913,4.3859292189599985,5.24461540159,4.75986660281,3.51138959818,4.5840023502900005,4.96764922794,3.8101942745099997,4.72507680286
2001,Greece,0.0,18.9,18196.3,33.0,11.7,82.1,0,21.7,5608.1,10.5,3.6,19.1,1638640,1523126,3936941,1851243,1515528,396655,9.421,4.9397816974,2.38217408765,4.8851821736000005,5.66454402847,5.34749601747,4.27108540508,5.13626539014,5.71988846528,4.2697879995,5.286321710099999
2001,Hungary,0.0,22.4,11484.4,25.0,7.4,109.6,57102,13.9,5123.5,5.7,9.1,56.0,1676055,1458517,3644582,1859974,1261600,286848,5.902,2.8754826061100003,0.933583870187,3.60827872067,6.2607276458699985,3.15986373638,2.20126796017,2.96909615672,5.09998099443,2.93874228116,3.3144953021
2001,Ireland,0.0,25.5,28250.0,29.0,18.2,54.9,0,32.5,10789.7,3.7,4.0,14.7,827558,639724,1397555,569913,332871,98622,12.165999999999999,5.24406769069,2.01011875346,4.65783573783,5.26938412068,5.5972196620000005,4.039698274569999,5.40917330539,5.66792941934,4.33370617829,5.45768681674
2001,Italy,0.0,18.8,24245.5,29.0,9.9,189.0,190839,32.0,9013.8,9.6,2.3,15.2,8109044,6450718,21214082,10620548,8148423,2431286,8.217,3.94363093365,1.8981599886700002,4.07649944965,5.48371928477,4.24337807549,3.37865690973,4.09481342749,4.61357540996,3.4495779296,4.20494014455
2001,Latvia,0.0,24.1,7842.5,0.0,4.7,36.4,50652,9.8,3145.4,13.8,2.5,62.0,398316,341666,819275,421387,296643,59885,3.1710000000000003,3.52930165824,1.14981890537,4.61500221627,8.223991960960001,4.1661559319900014,2.6807164067900002,3.88051043193,6.76730446148,3.7912108865099996,4.099551669649999
2001,Lithuania,0.0,25.2,8204.0,31.0,5.8,53.4,50302,11.6,3101.0,16.8,1.5,69.9,671166,499287,1245023,562807,410516,82019,3.6010000000000004,4.438764185,1.23295490088,5.14297887495,9.03385440535,4.85919486509,3.2074466693500003,4.6198666287500005,7.720067584530001,4.4055874134,4.91121877731
2001,Luxembourg,0.0,19.0,48516.8,27.0,23.0,169.8,0,48.4,23813.4,1.8,2.4,51.8,83535,50700,174926,70935,48245,13186,20.831999999999997,4.442110565029999,1.71143640563,4.29925723701,5.242049196619999,4.98062356568,3.42090773232,4.74537966851,5.13140254082,3.83053040865,4.85315643857
2001,Malta,0.0,22.3,15987.9,0.0,6.9,1240.2,108,19.5,7248.8,7.1,2.5,-,76633,58856,137116,71445,39129,9851,6.513999999999999,3.94347179566,1.81835742135,3.75006170696,4.56518616097,4.28468519739,3.3523077795200003,4.1296312764400005,4.52797176139,3.3981766071900004,4.18506528238
2001,Netherlands,0.0,22.4,28812.4,27.0,13.7,385.0,35710,38.0,14294.4,2.1,5.1,46.6,2987893,1902975,6136361,2832344,1662486,524122,11.040999999999999,4.80738949416,1.64213579677,4.5893661606,5.25648440259,5.382112070619999,3.3451848400799995,5.10075126831,5.3432763238800005,4.0805091985500015,5.2619625352199995
2001,Poland,0.0,26.2,9636.5,30.0,10.2,122.3,232444,12.5,4055.7,18.4,5.3,23.2,7166838,6467104,13863682,5982132,3978741,789581,8.139,2.54377789841,0.753228801919,2.6707320129700003,4.30685296792,2.5860298202400003,1.87689055218,2.53640096799,3.899282768960001,2.31991250968,2.67938306158
2001,Portugal,8.4,21.6,16961.2,37.0,8.0,112.4,131785,18.0,8167.2,3.8,4.4,32.3,1679191,1457162,3758734,1762362,1339923,365351,6.285,5.16190970001,2.5073970132,5.3644199421200005,6.82049967905,5.676126428200001,4.51517792287,5.409010079680001,6.49732442547,4.68043141602,5.64601764038
2001,Romania,0.0,20.6,5705.7,30.0,6.7,94.1,170000,6.4,2343.7,6.6,34.5,24,3952215,3496547,8031057,3621991,2609620,420541,4.48,2.39627971114,0.8799701321860001,2.77154223967,4.83630974145,2.5517136667,1.94764322232,2.4610683560599997,4.1448787982000015,2.35119901251,2.6141011083900003
2001,Slovakia,0.0,23.6,10738.3,0.0,9.7,109.7,41421,15.8,4210.3,19.4,7.2,41.3,1020420,914182,2003183,826978,510780,103325,8.068999999999999,2.48106741079,0.8615267039519999,2.87037784293,5.389622954330001,2.6257899196000003,1.9629245237000001,2.5461922724400003,4.4768523278200005,2.50561844322,2.7059838622900005
2001,Slovenia,0.0,23.0,16453.1,22.0,10.0,98.2,28645,21.0,8371.6,5.7,8.6,32.8,310064,286084,765025,345911,236437,48540,8.228,3.6439348077900005,1.0621587531299999,3.9581824897500004,6.742835502199999,3.5434703739699995,2.69459572893,3.56034826581,5.510450112030001,3.28100297397,3.6991501582699997
2001,Spain,0.0,21.5,19886.5,33.0,9.4,80.4,301786,26.7,9604.1,10.3,2.8,19,5948800,5748686,15756329,6492998,5348331,1555269,7.582000000000001,3.8104174858800004,1.8812852955900001,3.9754232013699995,4.9870183001,4.1021101965,3.2680594037599997,3.94500268497,4.77708673291,3.4484459558000005,4.09248256914
2001,Sweden,8.0,27.4,25722.1,24.0,7.8,20.1,369682,32.2,11879.8,4.7,2.7,58.8,1625537,1029998,3020056,1688894,1073089,458387,6.2589999999999995,5.64988628858,1.7783137373299998,5.12570927956,5.9422066866600005,5.87528057036,4.13769056997,5.70699909442,5.926615711899999,4.5551483719000005,5.87428613564
2001,United Kingdom,0.0,27.4,23880.6,35.0,12.1,237.4,266177,30.0,12148.0,4.7,1.2,54.8,11113240,7267564,21074515,10293531,6919662,2451163,9.636000000000001,4.982087922880001,1.7316623838700005,4.7089061474900005,5.42592661556,5.7377119612300005,3.7781470336300003,5.42531037104,5.5130469813300005,4.22204183155,5.4562038063000005
2002,Austria,0.0,20.3,26775.9,0.0,10.7,96.1,0,32.1,12702.5,4.8,1.7,54.5,1342531,970570,3075221,1443787,938579,311270,8.876,4.05228804222,1.36913347301,3.94152281869,4.77925339805,4.3901383025300005,3.0003032189599996,4.2228494365,4.59809071269,3.42517356508,4.3452738676400005
2002,Belgium,0.0,26.5,26178.5,0.0,14.3,337.7,33599,41.1,13410.9,6.9,1.5,75.7,1803972,1248258,3746155,1780009,1350703,403689,12.174000000000001,4.53400267325,1.79924460812,4.3353857501999995,4.842370535580001,4.90793333202,3.5099810276699994,4.70670427586,5.00777640479,3.85991490535,4.86408905175
2002,Bulgaria,0.0,18.8,6635.4,26.0,7.6,70.9,0,9.8,2306.0,18.1,5.8,34.9,1152177,1078296,2741558,1527675,1125653,211803,5.862,2.77744660713,0.933692782113,3.4338570685,6.19267786653,2.8675308832099997,2.18064271722,2.82483028207,4.69758115522,2.6886886065900004,2.93716172532
2002,Croatia,0.0,0.0,10874.8,0.0,6.5,0.0,70169,15.5,5330.0,15.1,2.5,19.7,710983,562229,1523320,791785,607158,109861,5.012,3.14412234635,1.03612221805,3.60372342954,6.55871982701,3.1254152173799996,2.44907593412,3.12987270639,5.03761678541,2.9427223049599998,3.23712338624
2002,Cyprus,0.0,22.3,20230.0,0.0,11.9,76.3,2841,22.7,8240.9,3.3,2.8,12.8,150754,110599,253284,111812,64523,18658,7.329,3.8382937984699996,1.7762640256,3.5983140454900004,4.4927008939399995,4.24289789916,3.2684928675700005,4.05987527749,4.45459504413,3.32519784114,4.09992817112
2002,Czech Republic,0.0,21.8,15620.7,0.0,14.2,129.4,71298,18.0,6180.0,7.0,1.4,60.2,1603501,1456416,3716159,2004805,1147439,268597,11.952,2.97396363072,0.980358063064,3.40682788811,5.8638899787200005,3.0163242714300003,2.3190203565300003,2.96534452167,4.634916613690001,2.79862188754,3.13675251776
2002,Denmark,0.0,24.1,26313.7,0.0,13.2,124.6,36500,34.7,13474.3,4.3,2.4,41.1,1009125,596837,1937558,1035945,579682,216786,10.445,3.772679713520001,1.3976982206200002,3.915253410580001,4.6767313453099995,4.41131806523,2.8623967464599995,4.09387954634,4.779929484619999,3.4417377868,4.37545727842
2002,Estonia,0.0,25.7,9953.9,35.0,12.4,31.7,24227,11.8,4406.6,10.0,3.6,69.6,229620,199970,486840,247155,177475,38290,11.014000000000001,4.11072777331,1.43911081657,5.436062850569999,10.1278432552,4.59118311052,3.2945158950700004,4.36968813379,7.87164890274,4.41139349443,4.653429093280001
2002,Finland,7.4,25.4,24533.3,26.0,15.0,15.4,179000,31.6,11462.7,10.4,2.0,49.4,929298,652606,1792339,1033388,607092,185876,12.475999999999999,6.8874079411,2.08265875773,5.83234742387,6.017875663300001,6.9653882248,4.806604329240001,6.883742670749999,6.681492122300002,5.2336772188300005,6.86215410727
2002,France,0.0,23.1,24560.2,27.0,8.9,97.1,535357,38.6,12649.2,8.7,1.9,41.5,11668192,8013608,21702559,10345447,7409675,2504583,6.837000000000001,4.998752194090001,1.98583621295,4.780859080330001,5.05791686673,5.566960247969999,3.8650559376199998,5.23576246168,5.4745737961000005,4.3523130611099985,5.51147246814
2002,Germany,10.1,20.4,25185.7,0.0,12.6,230.9,359000,36.6,13050.1,8.5,1.4,53.3,12517212,9454602,30735844,15528567,10947866,3304405,11.017999999999999,4.45350723398,1.8815944944799998,4.43113195069,5.230917224050001,4.80806469106,3.5468688225699996,4.62842631404,5.01462334534,3.84440824239,4.77515038604
2002,Greece,0.0,19.4,19422.4,0.0,11.7,82.5,0,22.8,6422.0,10.0,3.9,19.1,1701187,1500526,3947420,1831619,1512533,408739,9.362,4.98437066498,2.3809630301499998,4.9338818499,5.6701352174099995,5.4038033616600005,4.27848673698,5.19977244963,5.7716969874,4.30508342225,5.33658660873
2002,Hungary,0.0,22.5,12495.0,24.0,7.3,109.4,52452,15.0,5494.0,5.6,5.2,55.4,1646901,1414713,3656302,1885112,1251279,304301,5.818,2.8425278897400004,0.9341289874500001,3.59637150725,6.21261519253,3.11090937163,2.1909627488999996,2.9320198153099994,5.07173367027,2.9148890777700003,3.27846564249
2002,Ireland,0.0,0.0,30239.9,0.0,17.4,55.9,0,35.2,11102.7,4.2,4.7,12.6,830162,640017,1436696,587632,336040,101402,11.575999999999999,5.25840310141,2.0131953297300003,4.68779161738,5.29421143895,5.6071675965,4.0520799299300005,5.41682304189,5.680988620369999,4.346650383919999,5.48125214116
2002,Italy,0.0,18.9,24597.1,0.0,9.8,189.1,283729,32.2,9235.7,9.2,2.6,15.5,8110071,6259868,21275525,10658998,8196984,2557563,8.21,3.9286160204400002,1.90338249702,4.06241495692,5.43452167585,4.22492088068,3.38164759522,4.0772688495099985,4.582426197159999,3.4359209777700004,4.19615352525
2002,Latvia,0.0,24.3,8648.1,0.0,4.8,35.9,37841,10.8,3301.4,13.8,2.0,61.1,378610,344938,810219,415346,299672,61389,3.22,3.4538041593,1.13893078289,4.5923453084900006,8.154460371819999,4.12346283863,2.6270959848700004,3.82731589762,6.674137569349999,3.74170156847,4.035766475269999
2002,Lithuania,0.0,25.7,9012.5,0.0,6.0,52.9,40737,12.3,3444.6,13.0,0.3,65.5,640425,502558,1232954,560834,419760,86537,3.6639999999999997,4.4189711880199996,1.2315639914,5.160297850819999,8.99847308041,4.83747992114,3.19444612786,4.59971477051,7.676486795020001,4.38120714762,4.88413137783
2002,Luxembourg,0.0,19.4,50472.6,0.0,24.5,171.7,0,49.6,25134.3,2.6,2.1,54.0,84204,50986,176183,72398,48821,13585,22.401,4.37264127177,1.7039381189399998,4.27382380779,5.20581905609,4.93135872883,3.3852207300100003,4.68910326701,5.11485087321,3.80240305549,4.8154082649
2002,Malta,0.0,21.9,16819.3,0.0,6.8,1250.4,144,20.1,7457.9,6.9,2.6,-,75167,58682,138238,73542,39989,10352,6.504,3.9497464491400005,1.8185535570500002,3.76589600326,4.56691608494,4.2771607136,3.3464049580400004,4.12562649899,4.5174286509599995,3.39601557258,4.18408097635
2002,Netherlands,0.0,22.3,29582.9,27.0,13.5,387.8,33280,39.5,14820.5,2.6,3.9,39.5,3004168,1922242,6112797,2900137,1671797,537789,10.932,4.82461807431,1.72234998152,4.566088422,5.22553983814,5.3070278364800005,3.4808234564100005,5.05564786783,5.30963663236,4.06909186078,5.22673134856
2002,Poland,0.0,26.2,10117.5,0.0,9.9,122.3,210525,13.5,4065.1,19.9,1.9,23.7,6921744,6445661,13832588,6181100,4017729,831543,7.944,2.54485973932,0.752129970276,2.67906929078,4.27995228419,2.56421707065,1.8707676413999998,2.5205701866099997,3.86610773937,2.3086722418,2.66621033314
2002,Portugal,8.6,21.2,17491.6,0.0,8.3,113.1,52427,18.7,8391.6,4.5,3.7,49.1,1681127,1410948,3807140,1784592,1358460,377365,6.626,5.14410581314,2.5620677614800003,5.42103009753,6.86961414229,5.6965594483,4.53495804167,5.4162278753800015,6.570257901719999,4.71645027171,5.6889973864700005
2002,Romania,0.0,21.0,6165.4,30.0,6.7,91.6,155000,7.5,2430.7,8.1,22.5,24.6,3830831,3372354,7864099,3615024,2613202,434988,4.511,2.39620363771,0.8810040946619999,2.78862354638,4.833240958869999,2.5437154028799998,1.95028939723,2.4623860112,4.13646703568,2.34951580301,2.60888263616
2002,Slovakia,0.0,23.5,11417.2,0.0,9.3,109.7,41225,17.2,4468.0,18.7,3.5,43.7,990963,904749,2010946,855599,504060,110597,7.729,2.47155181036,0.861455849991,2.88418713166,5.3774617953799995,2.61302612969,1.95620483718,2.53526232073,4.45407876298,2.49749687277,2.6942930242500003
2002,Slovenia,0.0,23.1,17437.8,22.0,10.1,98.4,29500,21.6,8723.1,5.9,7.5,34.8,302920,281532,764459,354018,239848,51754,8.304,3.5895470719900002,1.05831271754,3.94801082167,6.706140274400001,3.4991944349699997,2.6646045618,3.5069493794300004,5.460587917509999,3.24938602171,3.6583442577699996
2002,Spain,0.0,20.9,20922.8,31.0,9.7,81.1,369899,27.8,10071.7,11.1,3.6,19.9,6003129,5598294,16199978,6593464,5407229,1629466,7.952999999999999,3.76677932565,1.87548735603,3.95499218737,4.959943978809999,4.0626604767500005,3.25013870912,3.89893827435,4.75137507002,3.42231770411,4.06580699996
2002,Sweden,8.3,27.3,26268.5,23.0,7.8,20.2,307074,33.5,12104.1,5.0,1.9,56.1,1616100,1041962,3019017,1714950,1066061,466869,6.349,5.682542440619999,1.78973168355,5.12622366499,5.8876815203,5.847011423330001,4.173921739090001,5.69573548161,5.92557054061,4.55222276563,5.8654372095000005
2002,United Kingdom,0.0,29.6,24803.6,35.0,11.7,238.4,324685,31.3,12435.0,5.0,1.3,54.9,11038890,7413204,21086955,10400886,6913808,2516738,9.332,4.92460227319,1.7204734050400001,4.672426681349999,5.34488222819,5.67896421255,3.7430677590800006,5.36426485057,5.44910533286,4.18571214867,5.40592044949
2003,Austria,0.0,20.3,27235.6,27.4,11.3,96.6,0,32.8,12919.8,4.8,1.3,51.3,1334564,986120,3081420,1463630,931096,324593,9.523,4.02249782229,1.37093268961,3.92595828759,4.73942955041,4.34729609387,2.98490113847,4.17693431816,4.58038960774,3.4027128779300004,4.31605818623
2003,Belgium,9.0,26.7,26343.2,28.3,14.3,339.2,23040,41.7,13381.2,7.7,1.5,75.1,1800069,1253232,3743283,1808295,1350888,420368,12.253,4.5903765634900004,1.8026340551499997,4.38140986867,4.86040293562,4.9771871699100005,3.5526981941000004,4.76865313911,5.04888028397,3.9003596710000004,4.92369700281
2003,Bulgaria,0.0,19.0,7076.9,0.0,8.3,70.3,0,10.1,2469.6,13.7,2.3,39.2,1110809,1057473,2728602,1540962,1113078,224403,6.4510000000000005,2.7323753522400005,0.9282916387029999,3.4215699981200003,6.131976195140001,2.84388259733,2.15788909245,2.7929758126700004,4.66591645502,2.66523314408,2.90591970162
2003,Croatia,0.0,18.9,11481.6,0.0,6.8,0.0,45655,16.0,5636.9,13.9,2.4,22.1,700473,559000,1517051,799055,613650,116237,5.322,3.0918317766400003,1.03845254276,3.59724656408,6.52170317753,3.08116891041,2.4215298638900005,3.07687814299,4.99918530253,2.91873130333,3.2034358591600003
2003,Cyprus,0.0,22.6,20572.1,0.0,12.3,77.2,3214,22.7,8592.0,4.1,4.0,"┴  26,5",148634,113139,256519,114909,66165,18942,7.599,3.8398975308999996,1.77758994175,3.61658452046,4.4961976037900016,4.24795922109,3.2725873486699997,4.05680175148,4.4481328289899995,3.32680597527,4.103656932610002
2003,Czech Republic,0.0,21.7,16477.9,0.0,14.6,129.2,40695,19.2,6558.5,7.5,-0.1,79.3,1568967,1412765,3734079,2057969,1135512,284708,12.314,2.96382536809,0.978082345665,3.4062178657,5.797355930419999,3.00263779101,2.30870578877,2.95202871756,4.6210602625,2.7840970243600003,3.11919365959
2003,Denmark,0.0,24.5,26114.0,24.8,14.1,124.9,26500,35.0,13470.3,5.4,2.0,45.0,1015312,594355,1929967,1049476,583788,217677,11.376,3.72381474745,1.3987812309199998,3.87651055859,4.63651760495,4.35321293628,2.84955529583,4.04263882526,4.74017320624,3.40756418639,4.325113340630001
2003,Estonia,0.0,25.6,11081.9,0.0,13.9,31.5,18934,12.8,4915.2,11.3,1.4,69.7,220900,200735,483940,245580,179750,39815,12.448,4.05401333148,1.42437465127,5.40698904449,9.998872604039999,4.5395995028,3.24266701555,4.31494061181,7.780913724179999,4.35823631411,4.58621751193
2003,Finland,7.7,25.5,24586.0,0.0,16.4,15.4,207000,31.8,11511.7,10.5,1.3,52.2,923553,650509,1777499,1055574,613954,191926,13.897,6.797349939480001,2.06836667736,5.76531001774,5.9588946707099995,6.84060845838,4.75543059709,6.7743736849500005,6.602737918980001,5.164113045500001,6.76139166327
2003,France,0.0,23.1,23934.6,0.0,8.9,97.8,427898,37.8,12354.6,8.3,2.2,45.2,11685821,8082926,21653329,10624110,7415301,2616679,6.916,4.9031703768599995,1.97439443537,4.726836136269999,4.9451079177900015,5.503171859990001,3.8138729894,5.1589227522400005,5.4008178523599994,4.30294433041,5.46160072949
2003,Germany,10.3,20.4,25438.5,0.0,12.5,231.2,215000,37.6,13133.8,9.8,1.0,55.9,12288845,9568068,30563619,15464238,11243222,3406185,11.022,4.513297989040001,1.88254371456,4.48099439583,5.224355440959999,4.859256112480001,3.58201160602,4.67554829148,5.05733237995,3.88222592338,4.83209328683
2003,Greece,0.0,19.2,20247.5,34.7,12.0,82.7,0,23.5,6729.5,9.4,3.4,19.7,1683400,1470718,3982191,1835136,1541369,415257,9.702,5.0274938814,2.3798777448700004,4.9790116516800005,5.68616172867,5.46358915125,4.29548284576,5.25965150852,5.80810915013,4.33862279509,5.38440180278
2003,Hungary,0.0,22.7,13120.7,0.0,7.6,109.0,43340,15.9,5955.2,5.8,4.7,55.2,1619903,1373765,3656677,1916041,1243125,320043,6.106,2.8210975689099995,0.933464853865,3.58839118203,6.170846854530001,3.06842576253,2.18438993231,2.8965539872200003,5.05154635755,2.8949936561,3.2450464033800004
2003,Ireland,0.0,0.0,30738.1,30.6,17.2,56.8,0,36.0,11476.2,4.5,4.0,13.3,837197,637462,1472295,605481,339759,104328,11.267999999999999,5.2765691312100005,2.01838753182,4.71214733936,5.31739457265,5.61570082974,4.06275260664,5.4319369789800005,5.6880020115,4.3574508745600005,5.50217128763
2003,Italy,0.0,19.0,24667.7,0.0,10.1,189.6,218186,32.1,9336.4,8.9,2.8,16.6,8131101,6119213,21434363,10682570,8280213,2665745,8.397,3.92001190884,1.90677847738,4.04173368264,5.36360163444,4.1942603734200015,3.3834800084300003,4.05315918502,4.54908310944,3.4185759271099996,4.18317446223
2003,Latvia,0.0,24.7,9353.1,0.0,4.9,35.6,41723,11.6,3584.8,12.1,2.9,48.3,360983,348508,803250,408247,303105,63864,3.344,3.36172397097,1.12683168324,4.56136811348,8.083717073679999,4.081825510290001,2.57384572206,3.77203030564,6.576772368019999,3.6856927665300008,3.9629095683099997
2003,Lithuania,0.0,26.3,10236.2,0.0,6.1,52.5,40104,13.7,3956.7,12.9,-1.1,62.4,612175,503417,1223630,557824,426134,92034,3.693,4.37968169774,1.23094569561,5.17341512768,8.960924246989999,4.818609017830001,3.17611974514,4.583909605430001,7.627032944339999,4.35188652977,4.850892217609999
2003,Luxembourg,0.0,19.4,50927.5,27.6,25.2,173.4,0,49.8,25087.8,3.7,2.5,51.3,84809,51926,177510,74123,49314,13950,23.272,4.30122212714,1.6952670558999998,4.24882468333,5.1750823301499995,4.89261096946,3.3422130684800004,4.6311292463,5.09329226244,3.77338571249,4.776513070219999
2003,Malta,0.0,22.1,17627.5,0.0,7.3,1258.9,287,21.5,7815.7,7.5,1.9,-,73629,58631,139119,75657,40855,10691,7.167000000000001,3.9509327972,1.82101531336,3.7826948653400003,4.5638759164,4.27623137658,3.3444225991900005,4.11157831282,4.50950607524,3.3945101804799998,4.18227701672
2003,Netherlands,0.0,22.1,28934.9,0.0,13.5,389.9,25382,39.2,14549.3,3.6,2.2,39.9,3012896,1936228,6075889,2964485,1684671,551134,11.085,4.834675336969999,1.81582068123,4.544291605850001,5.202164810299999,5.22139251987,3.63283796645,5.0045062832500005,5.28043165513,4.0588635893700005,5.18802449165
2003,Poland,0.0,26.0,10396.9,0.0,10.3,122.2,152305,14.0,4073.2,19.4,0.7,24.9,6692218,6400544,13799693,6392618,4034527,884970,8.283999999999999,2.52827255622,0.7540685646909999,2.6846376460299997,4.25595243842,2.53921912062,1.86650236306,2.50452861912,3.8335515983399997,2.2952104497000003,2.64890702469
2003,Portugal,8.9,21.1,17677.9,0.0,7.8,113.6,80606,19.2,8483.4,6.1,3.2,42.1,1681801,1366725,3842516,1806197,1373180,388403,6.11,5.140345659459999,2.6158410379499997,5.48632609622,6.930923084430001,5.73171169442,4.5584186752199995,5.433610526880001,6.651826098289999,4.75983257495,5.7427487819900005
2003,Romania,0.0,21.1,6633.9,0.0,7.0,90.7,131000,8.1,2459.0,7.0,15.3,24.7,3788375,3325014,7797091,3616214,2610007,437626,4.743,2.3975878713200003,0.882690467056,2.8061668245,4.83660572906,2.53694583395,1.95295879216,2.45761831794,4.1256172423400015,2.3478405611,2.6034224047
2003,Slovakia,0.0,23.4,11993.8,0.0,9.4,109.6,28080,18.4,4578.0,17.1,8.4,41.2,959843,890013,2017402,887167,500979,117972,7.815,2.45653451573,0.8598501381440001,2.8965394930699997,5.36971588297,2.60888902746,1.9493932856400005,2.5277994422799996,4.428526585119999,2.48825189099,2.6823813383200004
2003,Slovenia,0.0,22.9,17926.2,0.0,10.0,98.4,23249,22.3,8911.3,6.5,5.6,36.4,295315,277264,762536,363215,242188,55217,8.18,3.53272613709,1.04829120452,3.93663508116,6.669022500710001,3.4565282514,2.6316619054,3.4619349852900005,5.4129652310199985,3.2171467433300003,3.61503822043
2003,Spain,7.5,20.5,21253.3,0.0,9.7,82.7,373803,27.9,10216.3,11.3,3.1,21.6,6108458,5484091,16704578,6770760,5415562,1704197,7.9270000000000005,3.72422572509,1.87253690808,3.9322813730900004,4.9346532176,4.02194697837,3.22932023778,3.85940502254,4.72865239487,3.3955321147100004,4.03555916805
2003,Sweden,8.5,27.2,26696.3,0.0,7.9,20.3,308014,34.6,12221.5,5.6,2.3,54.1,1605458,1061274,3015245,1738729,1064793,472732,6.392,5.72311576395,1.80410901333,5.1268224795899995,5.821290091209999,5.8231875114100005,4.219645978,5.697030797080001,5.92673658021,4.55184742908,5.85793894107
2003,United Kingdom,0.0,28.7,25554.1,0.0,11.8,239.4,228856,32.4,12696.3,4.8,1.4,54,10981886,7566526,21109943,10499578,6928513,2561132,9.486,4.85339755664,1.7084265103199998,4.62763072333,5.25021693564,5.6070865436699995,3.70195038398,5.29139885743,5.37691169253,4.14334182109,5.34477575746
2004,Austria,9.7,20.4,28551.4,25.8,11.2,0.0,0,34.3,13284.5,5.8,2.0,50.8,1326436,1002209,3092108,1466792,946143,338280,9.512,3.99883692924,1.3680558711300002,3.91045926304,4.707874621819999,4.31066825428,2.9737341880900003,4.12764022857,4.56421588885,3.38048675009,4.28544549182
2004,Belgium,9.1,26.2,27277.7,26.1,14.3,340.6,28408,43.1,13490.8,7.4,1.9,72.5,1796149,1258486,3738752,1837941,1351666,438145,12.286,4.637081643,1.80945283151,4.422836599719999,4.8768773006699995,5.01999903014,3.56637652858,4.813288819409999,5.09436321042,3.93503174826,4.97248094908
2004,Bulgaria,0.0,18.8,7719.2,0.0,8.2,69.8,0,10.5,2615.0,12.0,6.1,47.3,1072079,1038478,2713913,1555099,1100055,237237,6.393,2.69891246922,0.9238642115360001,3.40881449963,6.070337921119998,2.81687741995,2.13496450166,2.75951179767,4.63633825579,2.64353238922,2.87796833478
2004,Croatia,0.0,19.0,12266.6,0.0,6.9,0.0,68673,16.9,5930.0,13.7,2.1,22.0,690694,554619,1512284,809413,618314,122894,5.249,3.041417,1.03612964391,3.59090534239,6.48434948462,3.0448676416600002,2.3958655186099995,3.02921564175,4.96012738445,2.8959316427200004,3.17363557591
2004,Cyprus,0.0,22.5,21932.9,0.0,12.4,78.2,3227,24.0,9047.4,4.3,1.9,30.2,146733,115639,260443,117937,67956,19274,7.7,3.83736802644,1.7771492190000002,3.63331697504,4.49562789109,4.2534556115800015,3.26943648687,4.05465616522,4.43879462312,3.3275386687400004,4.1074991924700015
2004,Czech Republic,0.0,21.8,17599.0,0.0,14.6,129.3,53629,20.5,6966.9,8.2,2.6,64.3,1537060,1372605,3754314,2104673,1128308,300142,12.387,2.94830459751,0.977402797964,3.40397296669,5.742180584570002,2.98576509145,2.2939166572599996,2.9376096593799996,4.61048167547,2.76930795955,3.09948777352
2004,Denmark,0.0,25.5,27845.2,23.9,13.0,125.2,34500,37.6,14107.3,5.2,0.9,41.8,1017862,595339,1920602,1062179,588923,219618,10.317,3.6940005803300004,1.40005729683,3.84481940723,4.60467590717,4.2982685304100015,2.83347658665,3.99675099889,4.70813906773,3.37868221052,4.27975002438
2004,Estonia,0.0,25.5,12200.8,37.4,14.2,31.3,33439,14.0,5377.3,10.3,3.0,69.2,212715,201510,480520,244605,181610,41590,12.68,4.00364739816,1.40872143084,5.37170417849,9.86211200375,4.4640659626299986,3.1943602011200003,4.2554538261,7.690739306469999,4.3037467226500015,4.5198163366
2004,Finland,7.8,25.7,26330.2,25.5,15.6,15.4,278000,34.0,12283.8,10.4,0.1,45.1,917329,651047,1763740,1073989,622699,199369,13.155,6.71239743745,2.0600298564900004,5.706426674889999,5.91077659229,6.73640736124,4.70077840359,6.68051588732,6.5327827472500015,5.103526737749999,6.67118515222
2004,France,0.0,23.0,24634.4,28.2,8.8,98.4,473654,38.5,12594.1,8.9,2.3,48.3,11699675,8159236,21612876,10898651,7427208,2734911,6.914,4.79969920258,1.9645835092,4.67809802921,4.857771059619999,5.44737863858,3.76363560182,5.077759803419998,5.33939775295,4.2568653142700015,5.41196342916
2004,Germany,10.1,20.4,26583.4,0.0,12.3,231.2,287000,39.2,13445.2,10.7,1.8,54.0,12043384,9649878,30364932,15344343,11611051,3502673,10.845,4.5588819653699995,1.8905310732099998,4.52633682073,5.21271816727,4.903927929119999,3.62010167916,4.719682676470001,5.0988623706,3.9164444591900005,4.88204433565
2004,Greece,0.0,19.4,21523.5,33.0,12.0,82.9,0,24.6,7126.3,10.3,3.0,24.0,1663584,1440721,4018230,1843030,1563832,425744,9.718,5.0463620670300005,2.3802609112599997,5.01384794388,5.691740508740001,5.510875810569999,4.2998264508999995,5.30459658134,5.837458108740001,4.364037719690001,5.4201255561699995
2004,Hungary,0.0,22.9,13746.0,0.0,7.5,108.7,63798,16.7,6235.3,5.8,6.8,56.3,1592907,1338522,3641734,1961639,1239852,332493,5.972,2.7952760470599998,0.9342824880380001,3.5807012251699994,6.12750354824,3.029083206,2.17325834327,2.85937276511,5.030155396840001,2.8749399195999996,3.20864804582
2004,Ireland,0.0,0.0,32719.6,31.5,16.7,57.7,0,38.0,12369.5,4.5,2.3,14.8,846295,634168,1514704,622933,344818,107346,11.17,5.29157954495,2.0185371482099996,4.730788066040001,5.3279838679700005,5.62234907415,4.07521983581,5.430516948819999,5.696701157050001,4.365149880350001,5.519280438759999
2004,Italy,0.0,19.1,24916.6,32.9,10.1,190.8,274199,32.5,9386.4,7.9,2.3,18.1,8158806,6034602,21620536,10699649,8392128,2779607,8.424,3.8986625154100003,1.91038204138,4.02485137553,5.3087622778600005,4.1743061867,3.38112101567,4.02928392455,4.52339477936,3.4031691192,4.17072191939
2004,Latvia,0.0,24.9,10335.1,0.0,5.0,35.2,44755,13.0,3950.2,11.7,6.2,50.8,344700,349875,794830,401674,305689,66356,3.383,3.2807331210900004,1.12070934506,4.53603386856,8.020735106110001,4.0345628180599995,2.52112572278,3.7171924384900006,6.495519439680001,3.6369272497600003,3.9018730677599995
2004,Lithuania,0.0,26.6,11026.4,0.0,6.4,52.1,0,14.1,4419.7,10.7,1.2,57.5,586275,499247,1210075,553847,430057,97576,3.9010000000000002,4.34471492498,1.22851460594,5.181203185069999,8.91257114045,4.78138375593,3.1516478448900003,4.55750755641,7.5827258668100015,4.31905510201,4.8135131288
2004,Luxembourg,0.0,18.7,54196.6,26.5,27.9,175.9,0,52.6,26612.6,5.1,3.2,52.8,85497,53362,178989,75952,49921,14376,26.095,4.241234868259999,1.6849361150400002,4.22889818881,5.1449553327099995,4.85810573862,3.3121380846999995,4.58149384918,5.0781122387,3.7487735997199993,4.73955325105
2004,Malta,0.0,22.5,18053.3,0.0,7.1,1267.0,146,23.2,8097.8,7.3,2.7,-,71972,58590,140117,77743,41689,11158,6.815,3.94553389511,1.81558573602,3.7986440194,4.56321813363,4.27448561497,3.3480902920499997,4.11050149585,4.49955317732,3.39207548751,4.180489296179998
2004,Netherlands,0.0,22.2,30272.5,0.0,13.5,391.5,34045,41.1,14961.9,4.6,1.4,43.1,3012139,1944726,6032186,3022817,1703977,565936,11.123,4.857603370350001,1.8979347017500001,4.53027339955,5.180512551840001,5.161270514719999,3.76006479787,4.96071708033,5.25743297857,4.053583377280001,5.16095500601
2004,Poland,0.0,25.8,11288.4,0.0,10.4,122.1,194141,15.0,4184.1,19.1,3.6,29.4,6478704,6330050,13779146,6609526,4045706,939091,8.4,2.5172108674900002,0.7541767652520001,2.68902788733,4.225134237790001,2.52341007438,1.85843031231,2.4839918377,3.8028343937300004,2.28166931367,2.63265988224
2004,Portugal,9.3,21.0,18171.3,37.8,8.1,113.8,61516,19.9,8626.1,6.3,2.5,47.5,1678297,1326100,3864541,1826237,1386268,402419,6.351,5.13730484242,2.65827323409,5.543270971390001,6.97625643015,5.763810079400001,4.5869606040800015,5.44399408127,6.72451920875,4.7963050657199995,5.7898679706000005
2004,Romania,0.0,21.2,7726.2,0.0,7.0,90.3,167000,9.5,2827.7,7.7,11.9,24.6,3753985,3300808,7756567,3606237,2595528,438625,4.715,2.40316360435,0.8868463450999999,2.8232387046900005,4.8367271807800005,2.5282744724,1.96283398886,2.45575531398,4.11378780508,2.34681409517,2.6002481476900003
2004,Slovakia,0.0,23.5,12851.3,0.0,9.5,109.6,41715,19.3,4648.8,18.6,7.5,39.0,932224,873145,2025138,917357,499958,124460,7.914,2.44763437277,0.85762189287,2.90864615963,5.35014884432,2.59642195804,1.9448662735900002,2.5204072697299997,4.406568565970002,2.47995244866,2.67384196216
2004,Slovenia,0.0,22.7,19272.3,0.0,10.1,98.5,32053,23.7,9621.3,6.0,3.7,36.8,289094,271627,760893,372079,244587,58733,8.351,3.4721471527900003,1.0441122462399999,3.92166887361,6.63103684266,3.4094879075700004,2.5982790035099996,3.4128424955300005,5.36281086498,3.18351229698,3.5683394414599996
2004,Spain,7.6,20.7,22152.0,31.0,9.9,84.1,221456,28.8,10577.4,11.1,3.1,23.8,6212701,5369527,17186066,6995321,5378356,1779925,8.195,3.68554161421,1.86762685335,3.9132000164300003,4.915108399979999,3.98044590955,3.20938001291,3.8206482683699994,4.71386211126,3.3731100865599997,4.01034972359
2004,Sweden,8.3,27.3,28369.3,23.0,7.7,20.3,339172,36.6,12806.2,6.7,1.0,46.7,1591286,1085163,3012050,1757238,1068657,479138,6.277,5.756421738269999,1.81771334885,5.13109297977,5.7708264114,5.80609827047,4.25530988497,5.700617675869999,5.93180152127,4.55365640579,5.8529583591800005
2004,United Kingdom,0.0,29.0,26897.5,0.0,11.7,240.6,307431,34.2,13472.3,4.6,1.3,-,10939953,7708409,21188391,10600200,6954164,2596789,9.464,4.792890971049999,1.6994215561000001,4.5878104532999995,5.16111120625,5.54082844628,3.66780462944,5.2254125483700005,5.3174306851,4.1060599173100005,5.28999329651
2005,Austria,9.6,20.4,29755.5,26.3,11.3,97.8,0,36.1,13631.1,5.6,2.1,49.7,1317815,1014203,3105892,1457153,980626,352141,9.616,3.97201806495,1.3648934587,3.89869958852,4.6820789421699995,4.26855633083,2.96019715283,4.09366058004,4.55029579359,3.36161309941,4.2597408976899995
2005,Belgium,9.0,26.6,28326.6,28.0,13.9,342.2,26028,44.6,13900.8,8.4,2.5,71.5,1795480,1265360,3737747,1875772,1347507,456752,11.887,4.66424083115,1.812684393,4.464076928380001,4.9003573750400005,5.0638292223,3.5914909659000003,4.8434183392,5.13849748636,3.9687050077699997,5.02122722133
2005,Bulgaria,0.0,18.7,8677.8,0.0,8.3,69.3,0,11.5,2922.3,10.1,6.0,43.8,1038643,1019950,2695384,1568360,1086766,249870,6.582999999999999,2.6664366873599996,0.921677650617,3.39845946317,6.02562840447,2.7934521261,2.11827109144,2.7344069827999995,4.61266237155,2.62516286469,2.85500949997
2005,Croatia,0.0,19.1,12989.7,0.0,6.9,0.0,67593,17.8,6235.7,12.6,3.0,22.1,683513,548392,1507518,820807,621911,129475,5.356,3.0105448209200003,1.03352807594,3.5864379788900003,6.4456425121,3.00208648115,2.37713534746,2.99373370917,4.9214769105,2.87583289441,3.14694706679
2005,Cyprus,0.0,22.1,23594.0,28.7,12.5,79.3,2303,25.7,10164.1,5.3,2.0,25.7,145020,117769,265118,121140,69858,19637,7.746,3.8330086518199997,1.78077980772,3.64967013742,4.49377533075,4.26129496694,3.2677630768799997,4.04989620582,4.42868177897,3.32801271319,4.11108035831
2005,Czech Republic,0.0,21.5,18659.2,26.0,14.4,129.3,57730,21.3,7424.9,7.9,1.6,60.4,1509957,1343546,3769549,2143145,1130613,314407,12.142999999999999,2.94035663955,0.977680663415,3.40324148833,5.6932014696,2.9709382033900003,2.29229373289,2.9227471495499997,4.60209310325,2.75763569459,3.0847972561000003
2005,Denmark,0.0,25.8,29021.9,23.9,12.1,125.6,27000,38.9,14656.2,4.8,1.7,42.3,1017013,601352,1909693,1073611,595915,221850,9.622,3.66572345199,1.397328179,3.8217849555,4.5787399659700005,4.25917618141,2.82225664052,3.9564175415900005,4.68311343106,3.3560159762,4.24390689906
2005,Estonia,0.0,25.4,14035.8,34.1,14.1,31.1,28986,15.5,6147.8,8.0,4.1,66.2,206010,201090,476175,244995,183045,43460,12.642999999999999,3.95551632567,1.39591004165,5.34270761618,9.76107246661,4.4038600757,3.1540077384100003,4.19485153751,7.615642103119999,4.256000770219999,4.45827005979
2005,Finland,8.0,26.3,27188.8,26.0,13.3,15.5,228000,34.9,12864.4,8.4,0.8,45.7,910732,653174,1750754,1095384,628170,207883,10.844000000000001,6.6737980633900005,2.05983415769,5.67622701646,5.88546385113,6.664090173840001,4.6736544330599985,6.61370227371,6.497495235780001,5.0698443197400005,6.61538964085
2005,France,0.0,23.7,25991.7,27.7,8.8,99.2,399311,40.6,13293.3,8.5,1.9,54.8,11715959,8208764,21597363,11189575,7425759,2863834,6.928999999999999,4.734969297069999,1.9578840851599997,4.648780884430001,4.8157451925300006,5.38884735534,3.72731911055,5.00663092183,5.31172196524,4.22700017888,5.374601837080001
2005,Germany,10.2,20.2,27167.7,26.1,12.0,231.0,261000,40.4,13530.1,11.2,1.9,51.9,11787265,9683839,30170807,15208750,11999862,3618901,10.602,4.58908024036,1.8904938952,4.55116812403,5.2000247324,4.92158115141,3.6296865134300007,4.74729230773,5.11794793699,3.93169295684,4.90215299871
2005,Greece,0.0,20.0,21736.5,33.2,12.4,83.1,0,24.1,7448.0,10.0,3.5,22.1,1647056,1407990,4051740,1862265,1575175,443089,10.081,5.06498604494,2.37952323944,5.03347462428,5.694279037799999,5.52970704309,4.3010248212,5.32657486374,5.8472316519300005,4.37724317682,5.439427985009999
2005,Hungary,0.0,22.8,14516.5,27.6,7.5,108.5,69378,17.7,6686.0,7.2,3.5,56.1,1566570,1312340,3618488,2005513,1239937,344219,5.997000000000001,2.7797388422099996,0.933148365531,3.5731043988,6.088832599680001,2.98751695305,2.1647145825300003,2.82759320138,5.005961812200001,2.85541832237,3.17182412627
2005,Ireland,0.0,0.0,34365.0,31.9,16.7,58.9,0,38.7,13275.9,4.3,2.2,15.9,856613,634837,1569936,639491,349034,110005,11.4,5.30513426057,2.02064043306,4.74342151709,5.326649886409999,5.61900604104,4.07955116434,5.431170215150001,5.702161376089999,4.36839863495,5.530785818459999
2005,Italy,0.0,19.1,25538.8,32.7,10.0,192.1,250316,33.3,9759.4,7.7,2.2,19,8190077,5967371,21676413,10722110,8511894,2901620,8.359,3.88257717694,1.91149663104,4.0148969904600005,5.2751430696599995,4.1500114234400005,3.38023792055,4.01002904205,4.50708654102,3.3924119485299995,4.16285087902
2005,Latvia,0.0,24.7,11768.1,36.2,5.1,34.8,42216,14.3,4729.8,10.0,6.9,50.6,330170,348956,785645,397490,307398,69142,3.4589999999999996,3.2147297020599996,1.11530961645,4.52228783801,7.978666975159999,3.995503883140001,2.48844196905,3.66883900244,6.44228865482,3.60018115712,3.85242633301
2005,Lithuania,0.0,26.9,12344.6,36.3,6.9,51.4,0,15.4,5007.8,8.3,2.7,55.7,559289,489439,1188931,551339,430865,102666,4.213,4.30883269106,1.2265763797799998,5.19770954018,8.878862176639998,4.76154265083,3.13050085666,4.53021687715,7.5506047483100005,4.2947050856,4.78438553439
2005,Luxembourg,0.0,18.8,57974.9,26.5,28.0,178.4,0,56.6,28260.3,4.5,3.8,51.5,86170,54647,180862,78002,50556,14922,26.296999999999997,4.19509888833,1.68685736472,4.21097668253,5.12048562452,4.8198121382,3.29778894538,4.53097986567,5.06231969136,3.7274950928300004,4.70572803641
2005,Malta,0.0,21.9,18920.4,27.0,7.4,1275.9,160,23.4,8192.0,6.9,2.5,-,70174,58330,140409,80248,42905,11769,6.6370000000000005,3.9423498817500002,1.81352178586,3.81298181255,4.56368053648,4.2822916744400015,3.3448267955400004,4.106958891780001,4.48760201519,3.38950151342,4.17803881321
2005,Netherlands,9.2,22.3,31975.3,26.9,13.1,392.5,31154,43.6,15427.2,5.9,1.5,44.9,2996579,1952261,5982912,3078552,1729270,580295,10.825,4.85721761921,1.9311035875599998,4.52679905104,5.161798581459999,5.124869641519999,3.8159481143,4.94346209595,5.2524381885,4.05014864604,5.148198879080001
2005,Poland,0.0,25.5,11809.1,35.6,10.4,122.1,179446,15.4,4356.3,17.7,2.2,32.7,6283206,6236272,13760694,6838226,4048537,998511,8.385,2.50963424923,0.753238721202,2.69881528621,4.20713971371,2.5113038586900003,1.85702760507,2.4697225726,3.7834916261800005,2.27427856828,2.62271702783
2005,Portugal,9.4,20.7,19324.7,38.1,8.3,113.9,35188,21.2,9225.1,7.6,2.1,47.0,1672366,1286631,3878610,1851686,1396081,417957,6.544,5.11758603362,2.68044735808,5.57336650549,6.996008276939999,5.77956125304,4.58162510841,5.44037785,6.75143364013,4.808874562200001,5.8120081166799995
2005,Romania,0.0,21.1,8263.3,0.0,6.9,89.7,206000,10.3,3214.3,7.2,9.1,23.4,3662347,3181958,7697468,3698369,2592503,487041,4.647,2.40809550904,0.8885188448849999,2.83845244397,4.83588562029,2.52121140915,1.96482071116,2.45520470119,4.1041712530900005,2.3448093114099997,2.5949843213599997
2005,Slovakia,0.0,23.3,14120.8,26.2,9.5,109.6,46029,20.5,5152.4,16.3,2.8,44.2,907748,856680,2030334,946771,501955,129319,7.917999999999999,2.43852169037,0.860026547764,2.91780328467,5.33401031947,2.5906010873599996,1.94139407315,2.51000934324,4.38406150149,2.47054171775,2.6616431063999997
2005,Slovenia,0.0,22.6,20349.3,23.8,10.3,98.5,28343,25.8,10176.4,6.5,2.4,45.9,284950,264885,760204,380757,247418,62262,8.481,3.42017959738,1.0389383498,3.90188100898,6.585832437230001,3.36093729294,2.56046422676,3.3645931337,5.307911423959999,3.14822457895,3.52117215686
2005,Spain,7.7,20.5,23542.3,32.2,10.1,85.6,313517,30.1,11233.8,9.1,3.4,35.3,6320987,5266466,17637417,7181269,5388944,1858073,8.413,3.6687542704800005,1.86185264977,3.90224212517,4.9080198628,3.9593965698400004,3.19542817653,3.79325956268,4.7020110517,3.3589633774200003,3.99816152176
2005,Sweden,8.3,27.1,28866.1,23.4,7.4,20.4,334552,37.3,12996.6,7.8,0.8,45.1,1572179,1111329,3012540,1773669,1075106,484750,5.968999999999999,5.779940589270001,1.82039256932,5.13466437182,5.739123215529999,5.798726358330001,4.26809479643,5.697012840169999,5.93229384751,4.552112365669999,5.843445633689999
2005,United Kingdom,0.0,29.3,27612.8,34.6,11.5,242.2,273842,34.6,13690.8,4.8,2.1,-,10905105,7836599,21332389,10718630,6974382,2634102,9.349,4.763253864429999,1.69538161781,4.56835109018,5.099461853269999,5.50376700492,3.6483814223900004,5.18506476833,5.289864959040001,4.08599297291,5.25932899416
2006,Austria,9.5,20.4,31142.2,25.3,10.9,98.4,0,37.6,14187.0,5.2,1.7,55.1,1303953,1018023,3112228,1456345,1013166,364927,9.256,3.94430692165,1.35943058641,3.8894101267699996,4.66198109794,4.2429530288300015,2.9419938903400005,4.06841058465,4.53995782946,3.34470364048,4.234414619730001
2006,Belgium,8.9,26.7,29290.6,27.8,13.5,344.3,29326,45.7,14368.1,8.2,2.3,65.1,1796916,1275152,3740864,1925487,1334794,474746,11.655,4.67057921653,1.81364665793,4.50720216581,4.93191508783,5.110262748209999,3.59842492649,4.86139970046,5.18875324988,4.00015622394,5.0733730601
2006,Bulgaria,0.0,18.4,9364.6,31.2,8.5,68.7,0,11.9,3064.5,8.9,7.4,45.2,1012991,1000003,2672235,1580471,1073684,261639,6.792999999999999,2.6466302765900003,0.9199445849,3.38852549743,5.996545482339999,2.76697738588,2.10569490083,2.7042795066900003,4.588935929340001,2.6083448539200003,2.83369840689
2006,Croatia,0.0,19.1,14407.9,0.0,7.0,0.0,57114,19.1,6807.5,11.1,3.3,21.1,676468,542450,1501446,833736,622938,135927,5.417999999999999,2.98684670475,1.0292870115200001,3.58218402513,6.419087757010001,2.9708026740299998,2.36828523071,2.9600519747099994,4.88196718287,2.8575983191,3.1224187533800003
2006,Cyprus,0.0,22.0,24819.1,28.8,12.6,80.4,2326,27.2,10751.2,4.5,2.2,33.4,143497,119961,270646,124688,71601,20573,7.795,3.81823677179,1.7789561148400004,3.6598290263599997,4.47834181116,4.251747852569999,3.26222432069,4.03914095676,4.4178468545000005,3.3214121370200003,4.103400090280001
2006,Czech Republic,0.0,21.0,19680.8,25.3,14.5,129.6,55837,22.4,7810.0,7.1,2.1,59.4,1485789,1331232,3779126,2173779,1141100,327881,12.224,2.9334037595,0.979460184172,3.4031322041600003,5.6457048605299995,2.9651994181200005,2.2868140688,2.9134065058200003,4.59982754221,2.74744582191,3.07292904001
2006,Denmark,0.0,25.7,30871.2,23.7,13.5,125.9,34500,40.5,15579.4,3.9,1.8,39.3,1015016,612328,1896820,1084222,605216,223670,11.037,3.6391394357,1.3962338866400001,3.80173641392,4.55791626317,4.226354916,2.80687567077,3.91807393682,4.65661037336,3.3348125056299995,4.21090627067
2006,Estonia,0.0,24.2,15940.6,33.1,13.7,29.9,23515,16.7,6976.0,5.9,4.4,54.8,201460,198680,471685,244995,184425,45565,12.184000000000001,3.898572374180001,1.39109953115,5.31133685132,9.695246392889999,4.33768382261,3.11596056207,4.13345496256,7.530701058109999,4.208616080350001,4.39442415955
2006,Finland,8.0,26.3,28443.6,25.9,15.4,15.5,201683,36.0,13468.1,7.7,1.3,46.9,904043,656115,1739555,1111615,638215,216726,12.953,6.646992226240001,2.05130185962,5.66166441864,5.87231667998,6.622645640459999,4.66125318748,6.58349850064,6.4815035061,5.05265076016,6.582255640980001
2006,France,10.4,23.6,26925.6,27.3,8.5,99.9,507098,42.4,13724.1,8.4,1.9,50.8,11755219,8201880,21613594,11501171,7378381,2987106,6.696000000000001,4.6831093398000005,1.9530883528599998,4.66420958958,4.90365744473,5.33893002884,3.70505835299,4.9469489495399985,5.36312904645,4.22796215311,5.35978699692
2006,Germany,10.1,20.4,28343.2,26.8,12.1,230.9,248000,41.3,13800.5,10.3,1.8,51.1,11545619,9650116,29968195,15127840,12341851,3742831,10.76,4.582537541360001,1.89631885975,4.5592356779199985,5.18164413342,4.92362230361,3.62343071245,4.7440794639199995,5.11708307274,3.93274880769,4.90150949703
2006,Greece,0.0,19.8,23606.7,34.3,12.0,83.4,0,25.9,7917.2,9.0,3.3,22.9,1633528,1371860,4079237,1894701,1574683,466354,9.918,5.06153880223,2.37660070788,5.0344024884100005,5.685327420859999,5.5213878039100015,4.294882187190001,5.31070336922,5.84100669835,4.375194518150002,5.435349849760001
2006,Hungary,7.8,22.6,15145.9,33.3,7.4,108.3,54220,18.3,6900.8,7.5,4.0,55.9,1541549,1294316,3599622,2037969,1240957,356959,5.955,2.7565881775400003,0.931782660834,3.56207310851,6.039823790519999,2.94868303839,2.1550244466799997,2.79338745624,4.98664097934,2.8340781964599997,3.13238038453
2006,Ireland,0.0,0.0,36585.5,31.9,16.1,60.3,0,40.5,14318.3,4.4,2.7,16.7,870783,646917,1634577,656686,352476,112700,11.036,5.30799790978,2.01771556962,4.74921140068,5.3165424238300005,5.61428796534,4.07728293563,5.43473572533,5.7008922585000015,4.36666793046,5.5370801056099985
2006,Italy,0.0,19.1,26762.4,32.1,9.8,192.7,201418,34.4,10279.2,6.8,2.2,20.1,8209520,5914561,21624457,10782136,8592882,3020424,8.245,3.87489136753,1.9086337944599998,4.02217041949,5.27640565951,4.14633825448,3.36813914829,4.001174934050002,4.516522435220001,3.3930274653100003,4.166115109930001
2006,Latvia,0.0,24.2,13039.0,38.9,5.4,34.5,34558,14.8,5385.5,7.0,6.6,49.6,318697,346044,777702,394436,308890,72590,3.725,3.16988406301,1.11008063181,4.51629043876,7.944766264299999,3.96280362309,2.46370086541,3.6330354432300003,6.401977978500001,3.57391595319,3.8159992802800007
2006,Lithuania,0.0,26.7,13644.9,35.0,7.1,50.4,39642,16.8,5823.8,5.8,3.8,52.7,532837,481414,1167832,549321,430790,107717,4.359,4.271048346090001,1.22446611694,5.221408863460001,8.84633605215,4.74150591483,3.1092478238099996,4.5061557414800015,7.5342066149699995,4.2765546448,4.75859298989
2006,Luxembourg,0.0,19.5,64523.6,27.8,27.2,181.4,0,61.5,30308.5,4.7,3.0,60.7,86891,55725,183375,80231,50889,15526,25.518,4.17212262795,1.68159047859,4.191178417830001,5.092800717719999,4.77620845556,3.2818822041700004,4.50357828982,5.03771291362,3.7057088185900002,4.67267511637
2006,Malta,0.0,21.3,19223.4,27.1,7.5,1283.3,171,23.5,8441.0,6.8,2.6,-,68294,57818,140018,83170,43755,12254,6.632999999999999,3.91820207456,1.81179190759,3.8184876542199997,4.54988251313,4.26705958071,3.34288395082,4.095936806619999,4.47154386664,3.37925433019,4.16420662448
2006,Netherlands,9.1,22.5,33913.6,26.4,12.8,393.2,30418,45.5,15933.2,5.0,1.6,44.6,2971600,1960155,5928322,3136620,1755477,593929,10.493,4.85815597948,1.93093340775,4.52815412179,5.15343327524,5.1070650011800005,3.81355115731,4.938209999790001,5.25055119051,4.0462765684500015,5.14156462504
2006,Poland,0.0,24.9,12533.8,33.3,10.8,122.0,193141,15.8,4587.4,13.8,1.3,31.8,6105768,6129738,13729283,7080313,4036789,1059378,8.728,2.51571863859,0.753236841538,2.71556490381,4.194696596559999,2.51180702426,1.85680165129,2.47314678702,3.77996927377,2.2743601369,2.6206983702
2006,Portugal,9.1,20.2,20408.2,37.7,7.8,114.1,66782,22.5,9555.8,7.6,3.0,50.0,1662984,1252624,3888590,1881933,1401645,434513,6.077999999999999,5.09833588124,2.68027328438,5.5848902287,6.996372496769999,5.774566189400001,4.57484210937,5.41747017477,6.7442682364,4.8055298763900005,5.81703019901
2006,Romania,0.0,21.1,9674.2,0.0,7.1,89.2,162500,11.8,3685.5,7.3,6.6,22.3,3578546,3063097,7639484,3790950,2587137,534547,4.819,2.41722453323,0.8875523429180001,2.8491282108099996,4.82923921655,2.50818880856,1.97002345394,2.45178969619,4.091618744400001,2.34222390471,2.5915099357900004
2006,Slovakia,0.0,23.0,15615.0,28.1,9.5,109.6,36274,22.2,5608.4,13.4,4.3,49.0,884381,842503,2031682,975569,505325,133595,7.871,2.43594114666,0.859847495506,2.92882121273,5.325590170290001,2.576383948,1.93854818671,2.5049373891999998,4.3693073812400005,2.46317433451,2.65102213344
2006,Slovenia,0.0,22.2,21325.2,23.7,10.3,98.8,24125,27.2,10576.1,5.9,2.5,36.7,282150,258462,760245,389759,250208,66045,8.544,3.3638056788300004,1.03298800938,3.87866035068,6.53152277764,3.3174114133200003,2.53042036842,3.31742920723,5.24769802547,3.11214573022,3.4758421820699996
2006,Spain,7.8,20.3,25507.0,31.9,9.7,87.0,355747,32.0,12175.6,8.5,3.6,63,6453031,5180462,18039859,7358314,5423630,1942025,8.088,3.6716449109400005,1.8598072444599998,3.91089354458,4.9069550178800005,3.96310021661,3.1958640589200003,3.79521042183,4.70953522511,3.3629607762400004,4.0137877566
2006,Sweden,8.2,26.8,30972.5,24.0,7.3,20.5,360630,39.8,13713.5,7.1,1.5,44.6,1555182,1143474,3017651,1790792,1084699,488709,5.912999999999999,5.7889528197,1.82079410715,5.14233002826,5.735414474580001,5.8171983243700005,4.25896044433,5.71445739602,5.93424508252,4.5531180599,5.84048599268
2006,United Kingdom,0.0,22.6,28602.0,32.5,11.3,243.9,298282,35.8,14316.1,5.3,2.3,-,10882354,7957876,21480965,10858971,6990669,2675986,9.241,4.7568027843400005,1.69684629261,4.5712125000500015,5.055804622069999,5.494383851439999,3.64254894877,5.16897685231,5.2965426107199995,4.08504419274,5.25557689028
2007,Austria,9.5,20.2,32466.0,26.2,10.5,98.8,99493,38.9,14652.4,4.9,2.2,57.0,1286259,1018497,3109861,1469557,1035443,375870,8.907,3.91671294577,1.3582243933000002,3.87946195942,4.644169678469999,4.224554417809999,2.92503678857,4.04834796792,4.52498346685,3.3279384575,4.20821465804
2007,Belgium,8.9,26.6,30389.2,26.3,13.1,346.7,31476,46.8,14889.5,7.5,1.8,66.0,1799092,1286682,3745576,1979457,1322468,492426,11.25,4.684405250369999,1.80939997727,4.55746471745,4.9795409932600005,5.15664240074,3.5932832302,4.87192904506,5.2557672356,4.033785868140002,5.13473816581
2007,Bulgaria,0.0,18.3,10550.0,35.3,9.1,68.2,0,12.9,3398.5,6.9,7.6,55.2,994680,976648,2650089,1587717,1065210,270995,7.349,2.6212065964099995,0.918975727367,3.37430135968,5.95965875171,2.7330604087700006,2.09457863821,2.67542969786,4.56925298072,2.59020203796,2.8116474152900004
2007,Croatia,0.0,19.0,15926.2,0.0,7.4,49.2,60255,20.4,7543.6,9.9,2.7,20.7,670335,535539,1496211,845269,623265,142100,5.736000000000001,2.9597628887500003,1.0265115363200001,3.5754074473300004,6.385863594129999,2.9334468354500003,2.3502571217700003,2.92497420717,4.84596742139,2.83680448393,3.0951992629400005
2007,Cyprus,0.0,21.5,27073.7,29.8,12.8,81.9,2767,28.6,11798.0,3.9,2.2,26,142071,123444,277525,129043,73400,21643,7.952999999999999,3.8011039336900003,1.77813358697,3.66634565866,4.460126172,4.23607514277,3.25382941088,4.01858489916,4.39997944694,3.31016213509,4.08979735102
2007,Czech Republic,0.0,20.8,21531.2,25.3,14.6,130.0,59544,24.4,8483.6,5.3,2.9,54.5,1473678,1326634,3801879,2199299,1156126,341212,12.300999999999998,2.92314711481,0.977567634329,3.39906292629,5.6004631945900005,2.9506425054800003,2.29042804292,2.9066627894,4.59425421519,2.73603313868,3.06183668131
2007,Denmark,0.0,25.8,32116.5,25.2,12.6,126.4,37319,42.0,16671.8,3.8,1.7,38.5,1012035,628568,1886097,1090845,619118,224776,10.11,3.61128181756,1.39032899977,3.78111024866,4.53872492771,4.18677620857,2.7868600609400005,3.88875740506,4.629954869370001,3.31290973525,4.1771530432100015
2007,Estonia,0.0,23.6,18102.2,33.4,16.5,29.7,31431,18.9,8196.3,4.6,6.7,54.2,199135,195235,468085,245340,184800,48085,14.932,3.82625090664,1.38495685169,5.27211471814,9.63620315537,4.25946408714,3.07748605962,4.061319719619999,7.448923458019999,4.15493102487,4.324762734469999
2007,Finland,7.8,26.4,31073.5,26.2,15.0,15.6,185000,38.8,14372.2,6.9,1.6,44.8,897886,658269,1732497,1128095,646972,225003,12.597000000000001,6.63093399864,2.04736347346,5.643514528169999,5.859550711570001,6.595312224580001,4.6563391881500005,6.55084931965,6.45446455535,5.03426192222,6.5479295427199995
2007,France,10.3,23.3,28178.2,26.6,8.3,100.6,506416,43.4,14223.4,7.7,1.6,49.1,11811006,8156235,21621858,11797921,7335821,3103289,6.505,4.65599636102,1.94396938857,4.72637872401,5.12020200053,5.30759985215,3.68540499313,4.907174658080001,5.49247462854,4.26041725675,5.372286098459999
2007,Germany,10.0,20.3,30041.6,30.4,11.8,230.5,333000,43.0,14309.0,8.7,2.3,50.7,11361531,9554549,29727579,15213697,12543028,3865989,10.458,4.569062529719999,1.9033782430700001,4.56223482151,5.1659470813500015,4.91071471017,3.61877938575,4.73244641234,5.10690188483,3.93145352507,4.89413576512
2007,Greece,0.0,19.1,24141.4,34.3,12.2,83.6,0,26.4,8138.0,8.4,3.0,21.2,1623023,1333070,4100632,1933994,1568439,489316,10.068,5.040302887099999,2.37273365108,5.028125038380001,5.67172850033,5.49746050917,4.28122776978,5.2870359443199995,5.826058585039999,4.367723578550001,5.4237239943
2007,Hungary,7.2,22.3,15684.0,25.6,7.2,108.2,58400,19.0,7160.0,7.4,7.9,61.6,1519228,1279632,3589068,2053346,1246748,367759,5.837000000000001,2.73358985158,0.929459625791,3.5495773750699997,5.99679424653,2.90129907996,2.14797327472,2.75790451951,4.9692714113399985,2.81320530285,3.09491905545
2007,Ireland,0.0,24.0,38537.7,31.3,15.5,62.2,0,42.4,15497.5,5.0,2.9,16.2,893402,662205,1692825,675887,358963,115660,10.818,5.31068426053,2.00986881447,4.74446874395,5.302700918909999,5.59171456178,4.0634560744599995,5.43658800838,5.69097695396,4.35976650754,5.53744631225
2007,Italy,0.0,19.1,28018.7,32.0,9.6,193.2,194680,35.6,10744.3,6.1,2.0,20.2,8237590,5904228,21622481,10903328,8627979,3142705,8.071,3.87927497769,1.90574702939,4.04771615453,5.29360214953,4.15930435689,3.3616193708999997,4.0071176515,4.54972207235,3.40935281453,4.1900998320700005
2007,Latvia,0.0,23.5,14941.5,35.4,5.6,34.2,48579,16.5,6597.2,6.1,10.1,47.8,310443,341046,770753,393137,308735,76212,3.9160000000000004,3.1334753293,1.10683960854,4.5085079337,7.89926583345,3.9315147931300003,2.4402434036300003,3.5986976380500004,6.36003407159,3.54910870796,3.78665927626
2007,Lithuania,0.0,26.2,15737.8,33.8,7.8,49.8,51603,18.5,6679.7,4.2,5.8,49.1,509144,479766,1150165,548714,430404,113102,4.834,4.23970387888,1.21843403777,5.24203953027,8.812094095099997,4.727838032669999,3.0878779420200004,4.478093079380001,7.515931191810001,4.25854384439,4.730883542130001
2007,Luxembourg,0.0,18.9,69215.0,27.4,25.5,184.1,0,63.6,32206.9,4.1,2.7,56.2,87546,56638,185983,82566,51060,16202,23.781999999999996,4.15639854373,1.6785209224899997,4.1720116797200015,5.0646207382499995,4.744332922219999,3.26023333519,4.465491414190001,5.014429718260001,3.68343381384,4.63996104546
2007,Malta,0.0,20.5,20516.1,26.3,7.7,1285.2,196,24.7,8919.1,6.5,0.7,-,66428,57219,140342,86249,43759,12728,6.775,3.89142030911,1.80499174062,3.8170572754500003,4.529348110290001,4.23978298183,3.3276091761699997,4.07899816426,4.45135143324,3.3634602356200003,4.1435632568299985
2007,Netherlands,9.1,22.9,36178.2,27.6,12.7,393.9,36559,47.3,16969.4,4.2,1.6,45.0,2947170,1973503,5871959,3197476,1783424,608166,10.477,4.87003562881,1.9270358996,4.530087404230001,5.147234139,5.08677539589,3.8124231503900003,4.92002377852,5.24960221241,4.04250139642,5.133958041880001
2007,Poland,0.0,24.3,13836.0,32.2,10.8,121.9,224878,16.8,5107.9,9.6,2.6,26.8,5961619,5990950,13710094,7333955,4009863,1114080,8.724,2.52271972145,0.7532324439679999,2.73169605988,4.1836890643,2.50445576003,1.8664845388099998,2.47208086685,3.7827929259099995,2.27608913569,2.6184649924400003
2007,Portugal,9.1,20.3,21186.0,36.8,7.6,114.3,76685,23.2,9783.3,8.0,2.4,54.8,1650412,1224497,3893646,1915390,1407808,451212,5.827000000000001,5.0759913945,2.68184370526,5.5982431126100005,6.9999527939,5.76088355296,4.56883912086,5.41092940689,6.73585137673,4.80393587059,5.82298597402
2007,Romania,0.0,21.5,11367.3,38.3,7.3,88.6,174000,13.5,3835.7,6.4,4.9,19.2,3470233,2915997,7501670,3846355,2568473,580255,5.06,2.4291962296,0.89157493394,2.8580883039200002,4.81870260179,2.50590868672,1.97658564603,2.44158782815,4.07436254313,2.33950409784,2.59112649315
2007,Slovakia,0.0,22.8,17443.6,24.5,9.1,109.6,39460,24.0,6169.3,11.1,1.9,44.4,863652,827305,2033820,1003093,508830,137923,7.5729999999999995,2.4293200550000003,0.8598078956399999,2.93578260215,5.309954303960001,2.5676221176,1.9353239748900002,2.4993339909400003,4.35240039545,2.4534845396000002,2.63816578564
2007,Slovenia,0.0,21.8,22839.9,23.2,10.4,99.2,28656,28.4,11183.0,4.8,3.8,41.1,280738,250743,758115,397437,253190,70101,8.572000000000001,3.30638653472,1.02169077131,3.84471466539,6.473506018539999,3.26749433131,2.48685025455,3.2661196494099998,5.17963489004,3.0678427955400003,3.41963999375
2007,Spain,7.8,20.2,26865.4,31.9,9.8,88.5,300643,33.5,12989.0,8.2,2.8,63,6604081,5139428,18428980,7597587,5426662,2030066,8.136000000000001,3.69885891933,1.86172283457,3.94283926792,4.9308550287,3.9907095984099996,3.20458202688,3.82194193875,4.74662931484,3.3869677161299996,4.05567859582
2007,Sweden,8.1,26.4,33444.6,23.4,7.1,20.6,340484,42.0,15003.3,6.2,1.7,43.2,1545660,1177927,3028197,1801384,1104317,490608,5.774,5.810794758639999,1.80793134093,5.14967925879,5.732991240930001,5.850386779090001,4.24361522375,5.749353804480001,5.94185183066,4.555140123229999,5.84338057841
2007,United Kingdom,0.0,22.2,29181.6,32.6,11.0,245.7,303966,36.5,14739.0,5.3,2.3,52.5,10894002,8062836,21607035,11000080,7041067,2717444,9.013,4.75340794455,1.7010849583399998,4.58384319456,5.01296205376,5.4945131499599995,3.64219074329,5.16232645122,5.31682739931,4.09458758195,5.26752996194
2008,Austria,9.7,20.3,32647.4,27.7,10.4,99.0,85243,38.7,14994.9,4.1,3.2,55.9,1269186,1020586,3103726,1491447,1050943,385609,8.852,3.89000759144,1.3479459414,3.87094667052,4.62854072188,4.206773891509999,2.9043303251599997,4.029671953349999,4.51289167979,3.31197871983,4.18425170884
2008,Belgium,9.3,26.6,30132.4,27.5,13.0,349.4,29485,46.2,15179.2,7.0,4.5,77.5,1807666,1298809,3748865,2026383,1319291,508961,11.171,4.68849496045,1.81081630643,4.60668977477,5.0287454556,5.1980225541500005,3.6048880968,4.8944536027000005,5.31579732328,4.06748498021,5.20123041105
2008,Bulgaria,0.0,18.0,11322.4,35.9,8.9,67.7,0,13.1,3805.2,5.6,12.0,50.9,982400,950773,2629381,1590188,1061399,278420,7.183,2.60572589264,0.919139360281,3.36441938867,5.936774873890001,2.70360644616,2.0859012188599997,2.64624925749,4.550851670899999,2.5745496195400004,2.79538009888
2008,Croatia,0.0,18.9,16460.6,0.0,7.1,49.2,0,20.6,7837.0,8.5,5.8,21.5,666123,527600,1491090,856240,621546,148265,5.457000000000001,2.94530643833,1.01948653032,3.5692279157800004,6.35860709702,2.89682406041,2.33924740132,2.8942415214599997,4.81753838282,2.81836075671,3.07233557561
2008,Cyprus,0.0,21.5,27517.2,29.0,12.7,83.9,1648,28.5,12131.6,3.6,4.4,26.8,140974,127374,286153,134274,75573,22286,7.97,3.77627834102,1.77292386009,3.66947895273,4.43487225574,4.2221996508899995,3.23678790468,3.99640186912,4.38039721934,3.29647051495,4.0753825192500015
2008,Czech Republic,0.0,20.7,22002.4,24.7,14.0,131.2,49105,24.5,8839.7,4.4,6.3,59.7,1474831,1325012,3841048,2209226,1180303,354184,11.735,2.91928083524,0.97652624081,3.39409575875,5.55405156873,2.9433972575200005,2.28216589753,2.90390634758,4.58940136136,2.72561200199,3.0563217327700003
2008,Denmark,0.0,25.5,32617.2,25.1,11.9,127.1,33742,42.5,17197.3,3.4,3.6,39.3,1009002,648341,1879523,1092488,638321,225948,9.437000000000001,3.58724962419,1.3834907264099998,3.76601514677,4.52329261703,4.1509801577899985,2.77334331243,3.8598126406,4.60822962626,3.2955668523799995,4.1489889139
2008,Estonia,5.8,22.9,17908.7,30.9,14.9,29.6,0,19.0,8932.0,5.4,10.6,57.1,199050,190440,465735,248630,182370,50865,13.339,3.7556688331599997,1.3736232920700002,5.2251662339800005,9.568865656369999,4.17753536643,3.0336539927099997,3.99324974843,7.35242072162,4.09857129238,4.25434087521
2008,Finland,8.1,26.3,31583.2,26.3,13.4,15.7,255938,38.9,14997.2,6.4,3.9,43.4,892876,658902,1731602,1146371,649974,233676,11.015,6.609326451259999,2.0425485945599995,5.62441847901,5.85137867641,6.56443297423,4.64115814138,6.52628466378,6.422678850750001,5.01572983808,6.518824706599999
2008,France,10.5,23.1,27816.4,29.8,8.2,101.1,562080,42.7,14103.7,7.1,3.2,49.9,11881009,8113565,21585525,12046771,7337258,3214583,6.359,4.63973419318,1.93647271876,4.80652854725,5.38133613893,5.277756789110001,3.67205648195,4.866473335209999,5.64801089781,4.305071494690001,5.39553971886
2008,Germany,10.2,20.1,30049.7,30.2,11.9,230.2,0,42.6,14560.4,7.5,2.8,50.9,11210401,9438967,29425760,15411091,12629755,3994124,10.520999999999999,4.55968470094,1.912783814,4.562415645150001,5.14862174114,4.893157550030001,3.60557334022,4.71721722467,5.098073029519999,3.9296040376199994,4.88342920672
2008,Greece,0.0,19.5,24381.8,33.4,11.9,83.8,0,26.4,8357.4,7.8,4.2,24.6,1621071,1293586,4114642,1974955,1562128,511460,9.73,5.01443089284,2.36786369346,5.014097113380001,5.651402802560001,5.46508191273,4.26404394449,5.25567943451,5.8065929461399985,4.3551150109,5.405642715290001
2008,Hungary,7.1,21.9,16339.9,25.2,7.1,108.0,56451,20.1,7423.3,7.8,6.0,62.7,1500705,1266588,3585244,2053565,1254018,378069,5.746,2.7074184903,0.9297311507170001,3.54086732268,5.959416420630001,2.8587988705300003,2.1405238204900003,2.72670848839,4.9656681279,2.79515793295,3.06323302881
2008,Ireland,0.0,23.5,34992.1,29.9,15.0,63.9,0,40.0,15164.8,6.8,3.1,16.4,919757,660488,1728105,693594,369094,118507,10.524000000000001,5.31545722363,2.0015472024900003,4.73734538104,5.28102626899,5.591697475299998,4.04637445552,5.44021739564,5.688880662740001,4.35548996011,5.540533997050001
2008,Italy,0.0,19.0,27974.7,31.2,9.3,194.6,262290,35.9,10955.2,6.7,3.5,22,8284328,5926717,21656214,11050679,8652864,3255930,7.841,3.88729200853,1.89671869442,4.078805439119999,5.3156278287499985,4.18131254696,3.36301566011,4.023026820219999,4.589598152560001,3.43077194362,4.22029717949
2008,Latvia,0.0,22.9,15355.0,37.5,5.5,34.0,37208,15.8,7403.0,7.7,15.3,48.0,305829,329927,761319,394676,305556,80018,3.762,3.09764331639,1.10572050392,4.50378699649,7.85685144092,3.9003307084699994,2.4161101197,3.56306852975,6.316249528379999,3.5262028368100005,3.76145662125
2008,Lithuania,6.3,25.8,16391.6,34.5,7.6,49.2,43398,19.0,7196.6,5.8,11.1,42.9,489624,476304,1132056,553405,427553,119291,4.691,4.20273954131,1.21289629908,5.25874861106,8.78325418572,4.70187529792,3.0664833459099996,4.44772716584,7.491022172939999,4.23960846494,4.6999161561400005
2008,Luxembourg,0.0,18.8,68503.7,27.7,24.8,187.1,2411,61.1,33503.4,5.1,4.1,51.0,88206,57765,189276,85111,51352,16941,23.005,4.13657355205,1.6683972151700002,4.15540152271,5.040137624350002,4.697528469680001,3.24593768644,4.44732376388,4.99028165531,3.66296820253,4.6112077848
2008,Malta,0.0,20.1,20697.2,28.1,7.7,1290.6,158,24.3,9013.2,6.0,4.7,-,64913,56985,141072,88816,44411,13184,6.745,3.8691126773900004,1.80066440975,3.81462274688,4.51100219138,4.20981071339,3.3131288387299995,4.05926742913,4.4330077889899995,3.3482042574600004,4.12315228575
2008,Netherlands,9.4,23.0,36680.3,27.6,12.6,394.9,32924,47.4,17433.7,3.7,2.2,43.5,2929391,1994935,5824671,3253276,1819972,623349,10.619000000000002,4.85495297818,1.92575506522,4.53300818545,5.13660080945,5.0703243484,3.80772173759,4.91503673313,5.25364409994,4.03899156374,5.1266669912900005
2008,Poland,0.0,23.7,14468.6,32.0,10.6,121.9,200207,16.9,5598.5,7.1,4.2,25.4,5865159,5802382,13731201,7588186,3968611,1170221,8.544,2.53610869607,0.7537342602439999,2.7475264286699996,4.173945808919999,2.50281765716,1.8671437415799998,2.4777869746800003,3.78725352212,2.27998456474,2.62007792274
2008,Portugal,9.4,22.5,21043.7,35.8,7.3,114.6,52684,23.2,9839.8,7.6,2.7,61.1,1637410,1199496,3887975,1948964,1417605,466727,5.598,5.05577687131,2.67116600814,5.60474954497,6.9995839794600005,5.737494473790001,4.5470632891100005,5.38071041022,6.71784383538,4.79522894791,5.82040909878
2008,Romania,0.0,22.2,13217.1,35.9,7.2,86.6,158000,15.4,4822.2,5.8,7.9,23.9,3297039,2666449,7333286,3997854,2566167,677081,4.952,2.43626035685,0.889626255325,2.86522045327,4.803021992200001,2.4878338192299996,1.97847092817,2.4425399004900004,4.060411555969999,2.33484470273,2.5926665622700003
2008,Slovakia,0.0,22.4,18720.7,23.7,9.2,109.6,40049,25.0,6629.8,9.5,3.9,44.8,847082,810859,2038555,1027897,512737,142104,7.665,2.4249754285900003,0.8595301822139999,2.94122352033,5.2896182079,2.55543701709,1.9319788465099998,2.48587419561,4.3390241328,2.4437700763900003,2.62659020008
2008,Slovenia,0.0,21.4,23408.4,23.4,10.7,99.2,36444,28.2,11692.0,4.4,5.5,33.5,282226,244592,760059,403950,256242,74248,8.995,3.24991796023,1.0138317369399998,3.8097085450800003,6.412863710529998,3.21607939977,2.44869846803,3.2148837376,5.11891979485,3.0249471313000003,3.3679431371
2008,Spain,8.3,20.2,26442.3,32.4,8.9,90.3,305174,33.3,13260.6,11.3,4.1,57.2,6758847,5093570,18707958,7811601,5463932,2118200,7.334,3.72587399631,1.85973473421,3.9813361803300005,4.95465116363,4.02819054307,3.21500011573,3.8589110790599994,4.7927857486,3.41620147926,4.10630421812
2008,Sweden,8.3,26.0,33072.0,25.1,6.8,20.8,357745,41.3,15151.7,6.2,3.3,42.5,1542068,1208149,3041873,1800801,1134710,492038,5.502000000000001,5.832833099789999,1.79441495556,5.15448321496,5.730240143840001,5.88978746757,4.22802416366,5.79482896474,5.94600143176,4.55668169754,5.8507892657500005
2008,United Kingdom,0.0,22.3,28783.5,33.9,10.6,247.7,328562,36.5,14397.0,5.6,3.6,50.3,10935387,8129255,21713138,11128650,7144526,2756042,8.696,4.75193757026,1.70814084998,4.59989194692,4.97450022379,5.50199566429,3.64554256608,5.16141662681,5.34284069648,4.10873863654,5.2866496114400015
2009,Austria,10.2,20.4,31125.6,27.5,9.6,99.4,96576,38.2,14716.9,5.3,0.4,53.0,1253164,1021652,3089876,1517401,1066381,394851,8.082,3.86249713392,1.34832027943,3.86490341204,4.6086665916800005,4.1820670293600015,2.8855204981700004,4.019439360250002,4.504722646179999,3.2988941771599998,4.16422666359
2009,Belgium,10.0,26.5,28906.8,26.4,11.7,352.2,26224,45.3,14887.1,7.9,0.0,75.3,1823555,1308068,3748279,2068123,1323540,524929,9.889,4.696109708480001,1.81141711039,4.64137728389,5.07576441052,5.2266623947,3.60669241351,4.909865416090001,5.3593952837800005,4.091095767290001,5.24865117734
2009,Bulgaria,0.0,17.8,10758.5,33.4,7.8,67.3,0,13.0,3813.3,6.8,2.5,45,977044,921376,2610325,1590439,1059223,286037,6.127000000000001,2.58351592159,0.918212680987,3.3589208932500005,5.91409937082,2.67541985631,2.0775780409299998,2.6303783715,4.53653770681,2.56025778379,2.7826486470000003
2009,Croatia,0.0,18.7,15232.9,0.0,6.6,49.2,0,19.3,7537.0,9.2,2.2,22.7,662359,519289,1483612,871802,614145,155106,5.061,2.9253665164,1.01841092679,3.5646095686200003,6.3346835716799985,2.87426191277,2.32896414729,2.87122447107,4.793219669019999,2.8030817130199996,3.0522128458499997
2009,Cyprus,0.0,21.4,25772.9,29.5,12.0,86.2,3745,27.6,12315.2,5.4,0.2,27.5,140778,130512,295910,139799,78084,22954,7.622000000000001,3.7537113614599997,1.7711892271400003,3.67033299977,4.41113381498,4.1952221745600005,3.2265132059500004,3.97147065256,4.3640455085099985,3.28311856422,4.06164530566
2009,Czech Republic,0.0,20.6,20990.0,25.1,13.1,132.2,59046,24.1,8375.9,6.7,0.6,60.9,1485494,1310196,3871838,2198474,1211687,366248,10.936,2.91381437744,0.976156769914,3.39034372954,5.523414590580001,2.9359938473100002,2.28200029939,2.89569042668,4.59204317725,2.71768449148,3.05485160314
2009,Denmark,0.0,25.6,30679.5,26.9,11.3,127.9,31588,41.9,16847.0,6.0,1.0,45.4,1004702,668043,1871348,1089825,661995,227183,8.941,3.57708525131,1.3796315024599999,3.7560264858800005,4.50767852345,4.13051687763,2.76278382889,3.84066945501,4.59141826834,3.2838576263099997,4.129245092
2009,Estonia,6.5,22.6,15592.6,31.4,12.5,29.5,0,19.7,7872.1,13.6,0.2,59.5,200655,183900,463950,253380,179100,53530,10.937000000000001,3.69323899106,1.36914428765,5.18364768712,9.50228144447,4.1144565339699986,3.0006182275700004,3.9292006585,7.264169513380001,4.05113254844,4.19868566704
2009,Finland,8.9,26.0,28770.7,25.9,12.7,15.7,192638,37.0,14453.0,8.2,1.6,45.3,889743,658863,1731496,1157515,658375,242880,10.446,6.59319174108,2.04166787302,5.6047280095800005,5.839727840909999,6.5298872238999985,4.64196717781,6.5018429734400005,6.391688256230001,4.997500726459999,6.4896517759100005
2009,France,10.8,23.0,26461.9,29.9,7.8,101.7,474837,41.6,13843.2,8.7,0.1,51.9,11966950,8072105,21517995,12270290,7357467,3319735,6.035,4.60915758431,1.9352357764700001,4.87150836717,5.600355582190001,5.26311062111,3.66287200474,4.83884452679,5.7730838122,4.33965893246,5.411844229600001
2009,Germany,11.1,20.0,28171.7,29.1,11.1,229.6,0,41.1,14263.6,7.7,0.2,49.1,11080870,9315499,29044495,15646066,12694475,4120903,9.738999999999999,4.53550926994,1.91816359628,4.56241350199,5.13373631434,4.87804471209,3.5911651186,4.69730197114,5.09299825148,3.92784435112,4.87506563959
2009,Greece,9.5,0.0,23093.7,33.1,11.2,84.1,0,25.5,8251.7,9.6,1.3,23.0,1625546,1258037,4114039,2012931,1560145,536320,9.118,4.99170240103,2.36265611547,4.99573614934,5.63046006736,5.4381727070400006,4.23826253361,5.220553186469999,5.78483554111,4.33908443603,5.383967687519999
2009,Hungary,7.2,21.5,15706.2,24.7,6.5,107.8,58311,20.0,7075.1,10.0,4.0,64.9,1484732,1256653,3583984,2045401,1263014,388867,5.199,2.6885814073299996,0.9310411630230001,3.53508677795,5.929752967400002,2.82555535084,2.1252375047300003,2.6975374352599997,4.96131909671,2.77863971943,3.0392941884099995
2009,Ireland,0.0,23.7,31654.3,28.8,13.6,64.8,0,40.4,13773.9,12.6,-1.7,15.4,942693,639378,1741486,709254,380726,121839,9.21,5.3167758785500006,1.99522598061,4.725201326650001,5.25911145297,5.5955635933700005,4.03754476334,5.44164478446,5.68139074301,4.34968990245,5.54213660971
2009,Italy,0.0,18.9,26248.7,31.8,8.4,195.8,272026,35.0,10594.0,7.7,0.8,23.6,8327107,5933881,21581889,11223331,8669361,3359798,6.977,3.89105271138,1.8827581261300002,4.10495241986,5.32796219313,4.2045050118,3.3472592431400003,4.04287485426,4.62224378697,3.4475030616300004,4.24806730353
2009,Latvia,0.0,22.6,12831.4,37.5,5.2,33.5,37499,15.6,6017.3,17.5,3.3,51.4,302439,310775,745857,397775,301187,83637,3.468,3.0658602636000003,1.10498431889,4.50570286541,7.822890415,3.88067934066,2.40601179828,3.5357977521699997,6.282134729299999,3.50944379055,3.74508800404
2009,Lithuania,7.4,25.6,13800.4,35.9,6.3,48.8,46871,17.8,6137.2,13.8,4.2,45.1,475857,466179,1110044,564515,421186,125137,4.0489999999999995,4.16478451491,1.21248735858,5.27351594767,8.74731371557,4.67527128788,3.04548941402,4.43473201375,7.4623820853,4.22272009898,4.672423838169999
2009,Luxembourg,0.0,18.7,62574.7,29.2,23.3,190.8,2156,58.2,32418.1,5.1,0.0,60.5,88852,58969,192597,87896,51688,17782,21.399,4.12028174684,1.6637018617100001,4.13971471653,5.02465229515,4.66823742416,3.2323279414599995,4.41574743609,4.96334342679,3.64291836737,4.58276186294
2009,Malta,0.0,20.2,19879.9,27.4,7.1,1300.4,215,23.5,8860.9,6.9,1.8,-,63775,57073,141676,89837,46556,13561,6.352,3.8513868558,1.7976956319800002,3.81156753454,4.497884164879999,4.19389702409,3.2919866193900003,4.0379024131,4.41832148918,3.3337039935900004,4.10416115752
2009,Netherlands,10.1,22.9,33893.7,27.2,12.2,396.8,29896,44.6,16934.6,4.3,1.0,42.7,2917985,2017860,5784659,3304814,1865471,639601,10.265999999999998,4.858164819880001,1.92048018597,4.539300815980001,5.13186238996,5.06594694602,3.8021376567000003,4.91379520607,5.2557271200699995,4.0394768479400005,5.126427151180001
2009,Poland,0.0,23.4,14665.2,31.4,10.2,122.0,211370,17.2,5527.5,8.2,4.0,26.1,5824290,5552378,13706743,7842880,3924040,1229043,8.197000000000001,2.54521277147,0.7528001337639999,2.7595129048100002,4.16183814013,2.49576369983,1.87167011012,2.48024112393,3.79092967125,2.28248614525,2.62124487748
2009,Portugal,9.9,23.0,20130.5,35.4,7.0,114.7,45418,22.8,9594.9,9.4,-0.9,65.5,1624489,1176946,3873614,1978849,1432002,482348,5.327999999999999,5.0406798865099995,2.6602526317099997,5.6122061904299985,6.99768997977,5.71736975391,4.5079883709,5.35882890508,6.7071550128799995,4.786921428129999,5.81760022199
2009,Romania,0.0,22.3,12543.1,34.5,6.3,85.7,156000,14.9,4365.3,6.9,5.6,24.1,3213992,2533172,7256828,4076407,2560833,726256,4.176,2.4438283425300003,0.8908379563900001,2.8732591301999997,4.793038928640001,2.48471371774,1.9829940938,2.44149810681,4.05045398985,2.33217601269,2.59668992616
2009,Slovakia,0.0,21.8,17537.1,24.8,8.4,109.8,41715,24.1,6591.6,12.0,0.9,48.1,837527,791206,2045204,1047733,518237,146499,6.96,2.4230645180000003,0.856166695262,2.94519621706,5.26984972894,2.53994372934,1.93044061971,2.4826298759400003,4.3243859311,2.43465527978,2.6192097707900004
2009,Slovenia,0.0,21.0,20896.2,22.7,9.6,100.2,33588,25.8,10856.3,5.9,0.8,35.1,285665,240417,765613,411828,257903,78245,8.017999999999999,3.19365854459,1.0065686752299998,3.78119384476,6.36425707972,3.1787149555900003,2.4170542623299998,3.1706088125600003,5.0693311895000015,2.98921477481,3.32640628228
2009,Spain,9.0,20.4,24634.2,32.9,8.0,91.4,425690,33.2,12537.3,17.9,-0.2,57,6884558,4986260,18770526,7987419,5521868,2212317,6.414,3.75630667911,1.85588433604,4.01399761723,4.97444343224,4.0651564889700005,3.22591238445,3.89150646323,4.82565395432,3.44126169584,4.153423050700002
2009,Sweden,8.9,26.0,30156.9,26.3,6.3,21.0,340066,39.1,14234.7,8.4,1.9,47.0,1545922,1232865,3059909,1791890,1174180,493749,5.072,5.83793967523,1.7831394770700002,5.1568201279300006,5.725140854889999,5.9267500346,4.215728802439998,5.82751540077,5.950430606289999,4.55724914551,5.8594766175
2009,United Kingdom,0.0,22.3,26443.0,32.4,9.6,249.6,307871,34.4,13650.3,7.5,2.2,47.2,10988745,8167211,21792454,11252809,7275001,2800051,7.794,4.74960673303,1.71548697916,4.61415475166,4.94816582231,5.509213730040001,3.65099623189,5.162319966919999,5.3664390061,4.121571905390001,5.30340707486
2010,Austria,10.2,20.7,32142.0,28.3,10.2,99.6,88872,39.4,15085.7,4.8,1.7,46.5,1239787,1019730,3070266,1558129,1071442,404051,8.627,3.83918173304,1.33944126584,3.86276409911,4.59273133211,4.1749299767000005,2.87363757274,4.00983713194,4.500005338339999,3.2902066603799995,4.15176799414
2010,Belgium,9.8,26.4,30577.6,26.6,12.2,355.1,27465,48.3,15345.7,8.3,2.3,68.6,1849766,1322231,3764939,2111666,1328590,543081,10.362,4.695731653069999,1.81045886936,4.65578532031,5.09262404272,5.24525971139,3.60566671992,4.91376589476,5.38536899117,4.1018651011300005,5.26823892567
2010,Bulgaria,0.0,17.8,11427.2,33.2,8.2,66.9,0,14.3,4156.0,10.3,3.0,45.3,975660,887844,2591068,1586571,1060470,293987,6.45,2.57043825445,0.918122693955,3.36387586954,5.89734328679,2.6690542613800003,2.0758894467099998,2.61252444743,4.53395525934,2.5516640597099998,2.77602403681
2010,Croatia,0.0,18.9,15132.3,31.6,6.5,49.1,0,19.7,7294.0,11.6,1.1,23.8,657805,510675,1473472,890286,601444,162668,4.898,2.91580512851,1.01559363862,3.5690748106199996,6.31373000196,2.8606000442300004,2.32392725109,2.85746157093,4.78334769088,2.7955751797,3.0423485951599996
2010,Cyprus,6.3,20.8,25427.3,30.1,11.4,88.5,2570,28.0,12127.9,6.3,2.6,31.7,141078,133000,305511,145234,80918,23706,7.19,3.7361534825400002,1.77283379751,3.67638920009,4.40070577105,4.1817972795,3.2244648326800003,3.95378407554,4.3602376126,3.2773496466200003,4.05721720751
2010,Czech Republic,0.0,20.6,21170.5,24.9,13.3,132.7,0,24.4,8500.9,7.3,1.2,65.9,1507848,1276157,3889572,2182589,1239880,378365,11.025,2.90665154356,0.976019899639,3.38712071885,5.493123896109999,2.92806433884,2.28076845172,2.8986251206800002,4.590793983369999,2.71146867005,3.05852685927
2010,Denmark,0.0,25.9,32902.3,26.9,11.3,128.4,0,46.0,17327.0,7.5,2.2,46.7,998203,685694,1861640,1083827,690313,228008,8.974,3.57119865417,1.37440100189,3.7533482769999997,4.49729975595,4.12072925064,2.75800130831,3.8291522716500004,4.58681980741,3.2775036352300004,4.11456005322
2010,Estonia,6.3,22.2,16513.8,31.3,15.9,29.5,0,21.4,7808.9,16.7,2.7,59.0,202860,176820,461270,258290,176120,56115,14.277999999999999,3.6486128233199997,1.3642181495299999,5.1519849106699995,9.44153822903,4.06150938929,2.97630029118,3.8816714758699997,7.1888732196700005,4.01345211537,4.16080416912
2010,Finland,8.9,26.0,29640.9,25.4,14.1,15.8,215684,38.4,14638.9,8.4,1.7,45.5,888000,659486,1728242,1161883,674081,251660,11.929,6.5939383009100005,2.0398381196,5.58627353554,5.821215452330001,6.50067687241,4.6353271081,6.48161741304,6.358455888510001,4.98161240341,6.4691782818300005
2010,France,11.2,22.9,27558.3,29.8,7.9,102.2,481480,43.2,14367.1,8.9,1.7,53.2,12038419,8022833,21456093,12493509,7377197,3430739,6.157,4.601855255619999,1.9305617765099998,4.8993967733899995,5.69192952608,5.25443266832,3.65765432873,4.827472391690001,5.827797093280001,4.35298279546,5.41967124827
2010,Germany,11.0,20.1,30268.4,29.3,11.6,229.1,0,43.0,15039.6,7.0,1.1,49.0,10953134,9087466,28289379,15943101,12557221,4181862,10.29,4.53267002197,1.91681041623,4.56445976199,5.126601257869999,4.8781426987500005,3.57900712194,4.6923985014,5.0913354578200005,3.92766797726,4.873879447429999
2010,Greece,9.6,19.6,21538.5,32.9,10.6,84.3,0,25.2,7826.2,12.7,4.7,23.6,1627895,1228069,4095470,2042003,1565756,562149,8.504,4.974874967780001,2.3596760904500003,4.97949803852,5.60734750505,5.40627311404,4.2287346258500005,5.1929466809800005,5.761437311310001,4.3243197161,5.36887625904
2010,Hungary,7.5,21.3,16478.0,24.1,6.5,107.6,92535,23.4,7250.3,11.2,4.7,67.2,1467033,1242548,3585392,2037741,1267587,399722,5.26,2.67105682992,0.9266917995270001,3.53772522326,5.91197284115,2.8080964086,2.1231715861300002,2.6816748717700003,4.96753081422,2.7673582497400004,3.0268922499
2010,Ireland,0.0,25.5,33126.2,30.7,13.4,65.2,0,47.5,13683.9,14.5,-1.6,15.1,962687,606639,1748777,723462,393141,125450,8.997,5.32276592148,1.99178806692,4.71320135848,5.23630390546,5.59711746951,4.026523119419999,5.447848487080001,5.67211601283,4.3446616656,5.54380795018
2010,Italy,0.0,18.9,26787.4,31.7,8.5,196.4,306883,36.1,10723.9,8.4,1.6,24.9,8347465,5927902,21438137,11436374,8649232,3478308,7.12,3.89728409617,1.8828140460499998,4.1185475787,5.32275084477,4.216613897869999,3.3449550507900003,4.04701133071,4.63504500178,3.45580116999,4.26435114869
2010,Latvia,0.0,21.9,13435.5,35.9,5.9,32.8,42740,17.3,5762.8,19.5,-1.2,53.1,297419,288897,726422,402160,295684,86975,4.026,3.0563760328400003,1.10478038159,4.52129079052,7.804986281240001,3.8665036546300007,2.39823244384,3.52260639606,6.26407517724,3.5032593329300004,3.74549272079
2010,Lithuania,6.8,25.1,15373.0,37.0,6.7,48.1,55033,20.3,6291.2,17.8,1.2,53.5,462228,446771,1068150,575032,414751,130351,4.388999999999999,4.13122948576,1.21040387774,5.29206420674,8.72847719491,4.65909756301,3.02779573296,4.41247994007,7.43790663781,4.21007962112,4.653624162130001
2010,Luxembourg,0.0,18.8,65509.6,27.9,24.0,194.1,1918,60.9,32409.1,4.4,2.8,61.9,89577,60306,195462,91044,51875,18690,22.013,4.11546296561,1.6609489440399998,4.13699183459,5.01637417739,4.6523734897,3.23420675853,4.39349881556,4.94755009485,3.6347470573,4.57179869402
2010,Malta,0.0,20.3,21278.7,28.6,7.2,1310.2,162,25.5,9174.2,6.9,2.0,-,62762,56609,141538,90132,49385,14084,6.343999999999999,3.84537521764,1.80054266858,3.81627839621,4.49134988438,4.185101241530001,3.29119776415,4.02939507863,4.40995550503,3.3280334114500003,4.09856107134
2010,Netherlands,10.3,23.1,34463.8,25.5,12.8,399.0,32451,45.9,16807.2,5.0,0.9,44.7,2909993,2034903,5743643,3360218,1908867,657771,10.942,4.85436582228,1.92269170728,4.54176719238,5.123188188259999,5.063271290059999,3.7943432314099996,4.89722375209,5.2538014895,4.03661731705,5.12056259719
2010,Poland,0.0,23.0,16105.7,31.1,10.7,121.6,248797,19.5,6103.0,9.6,2.6,26.8,5811853,5311798,13686211,8062231,3878538,1292164,8.667,2.5528441232100003,0.753307739799,2.76957488602,4.15743780865,2.49315226553,1.8722220817500002,2.47880778002,3.799876812950001,2.2831495817299996,2.62042504166
2010,Portugal,9.8,22.8,20895.6,33.7,6.6,114.7,79650,24.0,9852.8,10.8,1.4,69.8,1606583,1158612,3847507,2006990,1449423,503986,4.94,5.01387535125,2.64098435503,5.61715472014,6.99541385906,5.68371929499,4.47875153796,5.3315378862000005,6.69525217153,4.77492415002,5.81229767474
2010,Romania,0.0,21.7,13016.1,33.5,6.0,85.1,201750,15.5,4664.3,7.0,6.1,28.2,3201793,2499286,7223060,4057203,2540980,724550,4.025,2.4461301942700002,0.890064208371,2.88330866207,4.781586138490001,2.48089174768,1.98556061295,2.44082301128,4.0553339944400015,2.33144727856,2.6025683626400005
2010,Slovakia,0.0,21.4,19100.5,25.9,8.6,109.9,59104,26.3,7059.0,14.4,0.7,47.3,833384,766099,2051984,1065517,523777,150668,7.131,2.420403173,0.856966743281,2.9512944482,5.247504866580001,2.54342855228,1.92818333295,2.48242481645,4.31211847427,2.4289600323400005,2.6201156810499997
2010,Slovenia,0.0,20.8,21225.5,23.8,9.6,101.0,35827,26.9,11135.1,7.2,2.1,37.2,289064,233842,764728,422345,255991,82614,7.999,3.14039616189,1.0030493625399999,3.7589512490099994,6.319919897590001,3.1391171630700003,2.39146583167,3.13018654678,5.03616734061,2.9601178219,3.28998860898
2010,Spain,9.0,20.8,24426.8,33.5,7.6,91.9,337988,33.9,12236.2,19.9,2.0,62,6973746,4857360,18692279,8156815,5583567,2313131,6.077999999999999,3.780182387900001,1.85412538875,4.03345318252,4.98245425143,4.07643219116,3.23109261686,3.9017254569,4.8392570073800005,3.4545344369300004,4.18513526883
2010,Sweden,8.5,26.3,31821.8,25.5,6.9,21.2,335750,40.6,14469.9,8.6,1.9,47.2,1557201,1247304,3081480,1778131,1218367,495645,5.646,5.8458561621300005,1.77645764815,5.1540991773,5.722545643589999,5.94694576793,4.20681963213,5.8385421632800005,5.95151500754,4.554697794630001,5.8645775227999986
2010,United Kingdom,0.0,22.6,27556.0,32.9,9.7,251.5,0,36.3,14162.3,7.8,3.3,47.2,11051245,8211189,21851849,11388161,7409044,2854878,8.016,4.74768383155,1.72268579743,4.61964439255,4.93685370844,5.51124986346,3.65721740913,5.16151154996,5.37724073943,4.126806923259999,5.30871096681
2011,Austria,10.0,20.5,33531.0,27.4,9.8,99.8,0,40.4,15603.6,4.6,3.6,47.5,1229270,1018049,3050354,1606993,1074069,412910,8.309,3.82030864391,1.34015491961,3.8629475529300006,4.5756112045899995,4.1717139238600005,2.8699264987299995,4.00419857674,4.49647265429,3.28490453608,4.14441331699
2011,Belgium,10.0,26.3,31141.0,26.3,11.1,360.3,0,48.6,15740.8,7.1,3.4,67.1,1874084,1335253,3779346,2145621,1341195,562766,9.437000000000001,4.69647985502,1.8112705091699999,4.65724554117,5.09825118522,5.25815798203,3.60545243431,4.91137975759,5.39376313086,4.10408840734,5.267871941419999
2011,Bulgaria,7.1,17.8,11824.6,35.0,9.0,66.5,0,15.0,4186.1,11.3,3.4,49.3,977544,852071,2574609,1573340,1069885,300880,7.2170000000000005,2.56858520135,0.914917903474,3.3730164646499996,5.880748564099999,2.66584373043,2.06629007858,2.60730533832,4.53466196642,2.54570943017,2.77339118285
2011,Croatia,0.0,18.8,15649.9,31.2,6.4,48.9,0,21.1,7424.8,13.7,2.2,28.0,650040,505046,1460957,903873,592263,170743,4.813,2.9059352469700004,1.01764765729,3.57632083494,6.293802921919999,2.85381824107,2.31919280606,2.84971272244,4.780921073319999,2.79094574421,3.03559073111
2011,Cyprus,6.6,20.2,25037.2,29.2,10.7,90.8,3348,28.5,12043.8,7.9,3.5,31.1,141777,134018,316525,150086,84031,24445,6.845,3.7408409209199993,1.77344317948,3.6888528384800003,4.39874602936,4.179805952250001,3.2314937003099997,3.95517200177,4.3612902917700005,3.27979790522,4.0672029773
2011,Czech Republic,0.0,20.5,21722.1,25.2,13.1,133.0,0,25.0,8758.3,6.7,2.2,62.3,1531503,1234220,3903587,2157576,1278519,390684,10.79,2.9044506806,0.977824849982,3.38584402158,5.46668252098,2.9271555614499998,2.28087323474,2.8910833148100004,4.59426187624,2.70613878857,3.06166917231
2011,Denmark,10.2,26.5,33493.8,26.6,10.4,129.4,0,46.6,17527.6,7.6,2.7,53.3,990773,700263,1852070,1076535,721499,229434,8.041,3.5680404123800002,1.3771770409700002,3.75692100489,4.48947629857,4.11870875129,2.75770889363,3.82493124399,4.58671754862,3.27642283682,4.1072211671900005
2011,Estonia,5.8,22.1,18513.0,31.9,15.9,29.4,30371,21.9,8283.7,12.3,5.1,56.4,204849,169242,458028,262001,174506,58814,14.378,3.6183278166300004,1.36500623814,5.1266066182399985,9.375630934419998,4.0227188195900005,2.9656495584900004,3.846163447,7.121614730549999,3.98242770033,4.132580421419999
2011,Finland,8.9,25.9,30687.8,25.8,12.6,15.9,254903,39.5,15093.5,7.8,3.3,47.4,888330,660256,1723685,1155661,700773,259568,10.491,6.59208810074,2.04199149236,5.5603312787400005,5.804044385809999,6.466386517349999,4.6368464429300005,6.449009941159999,6.32067575247,4.96109355637,6.44220728164
2011,France,11.2,22.9,28334.9,30.8,7.4,102.7,427648,44.1,14714.6,8.8,2.3,56.1,12099858,7955154,21409257,12631293,7489869,3542423,5.72,4.59023895395,1.93068896385,4.89749189845,5.6958586862199985,5.246828291080001,3.65530603313,4.826954240309999,5.830640278890001,4.34792249756,5.414540979450001
2011,Germany,10.7,20.3,32203.2,29.0,11.5,224.6,0,44.6,15931.4,5.8,2.5,49.7,10828320,8886713,27608658,16361365,12363826,4226101,10.04,4.52997127219,1.91042511841,4.567490848419999,5.12221713386,4.87863432817,3.5700214222300004,4.69415948125,5.09699791985,3.9280603393300004,4.87442186491
2011,Greece,9.1,19.6,19718.6,33.5,10.4,84.3,0,24.5,6977.6,17.9,3.1,23.1,1627167,1200000,4054970,2059676,1573529,589559,8.276,4.95430812397,2.35833234875,4.96457689782,5.58459792545,5.392689444609999,4.21519292806,5.17514596047,5.73849450263,4.30896789901,5.35465146029
2011,Hungary,7.5,21.3,17251.6,26.9,6.4,107.3,0,24.5,7566.0,11.0,3.9,65.2,1448750,1222878,3552102,2061570,1271521,402004,5.096,2.65864050917,0.9259295270450001,3.5473588359400003,5.91129297641,2.79637478979,2.11749772223,2.66720425593,4.97764130053,2.7610390433200003,3.0228728318799996
2011,Ireland,10.8,25.8,33896.8,29.8,12.5,65.5,0,49.5,13564.8,15.4,1.2,14.2,978967,578720,1749729,736479,407329,128861,8.141,5.333029483300001,1.9914374134400001,4.70047672044,5.208620455269999,5.59611195066,4.02836411398,5.46493200745,5.6515180036300015,4.3385091297,5.54563643888
2011,Italy,0.0,18.9,27417.0,32.5,8.3,197.0,0,37.0,10907.9,8.4,2.9,26.3,8338709,5921809,21278516,11569359,8670019,3601038,6.909,3.895238896920001,1.8804151740200001,4.119964989780001,5.29283318345,4.2193459531,3.3487727412700004,4.0493542103,4.6319993663900005,3.45511764083,4.270835923480001
2011,Latvia,0.0,21.5,14915.2,35.1,5.6,32.1,0,18.4,5887.1,16.2,4.2,77.2,293353,269001,709895,407118,290078,90265,3.728,3.05143435431,1.10160691998,4.53813404941,7.78967402967,3.85316198139,2.39776744935,3.51377583236,6.2433292066299995,3.49891440809,3.7515948098500003
2011,Lithuania,6.5,24.4,17239.1,33.0,7.0,46.7,44977,22.4,6777.7,15.4,4.1,53.8,449240,425495,1023999,585062,408884,135436,4.5680000000000005,4.11019704692,1.2097432943100002,5.31139621061,8.705597289810001,4.64422523806,3.0151885812800003,4.38880194546,7.4129914056100015,4.19942298274,4.64006975181
2011,Luxembourg,6.1,19.6,69399.9,27.2,23.2,197.9,1508,64.1,33531.6,4.9,3.7,71.1,90009,62387,199562,94217,52349,19824,21.329,4.102745527720002,1.66093061522,4.1377159483,5.00774151545,4.64500988473,3.23547887592,4.378565884,4.94825130907,3.6284513130900002,4.5581383948099985
2011,Malta,0.0,19.1,21587.1,27.2,7.3,1313.3,187,26.0,9581.8,6.4,2.5,1.6,61954,55839,141293,90278,52173,14732,6.525,3.85496381773,1.80264149162,3.82567174565,4.48675677643,4.18025857582,3.28893491102,4.02199748245,4.407085700330001,3.3279161853700003,4.102483177180001
2011,Netherlands,10.4,25.2,35149.9,25.8,11.9,400.9,31397,46.7,17271.1,5.0,2.5,47.2,2901867,2044553,5700151,3390847,1978876,676781,10.14,4.84229632531,1.92308010777,4.54713266494,5.1171071476600005,5.05852365096,3.7884092945999996,4.88982833856,5.258505602830001,4.03565684085,5.11718698443
2011,Poland,0.0,22.7,17236.4,31.1,10.7,121.7,215247,20.8,6386.4,9.6,3.9,31.3,5783800,5129945,13735364,8165776,3890938,1357434,8.656,2.54796689406,0.753348883125,2.77483239722,4.14657262072,2.4892604485,1.87390068855,2.47186767417,3.80070486433,2.2801132712,2.61950617475
2011,Portugal,9.5,22.1,20200.5,34.2,6.5,114.7,70535,23.9,9358.8,12.7,3.6,74.2,1584037,1145290,3802495,2033705,1462600,529434,4.843999999999999,4.994331397240001,2.6169358526299997,5.611167094680001,6.97740965849,5.65961824493,4.438292947930001,5.30343400721,6.663934751180001,4.75390025244,5.798043026769999
2011,Romania,4.7,21.0,13575.9,33.5,6.3,84.7,119290,15.9,4479.6,7.2,5.8,33.9,3190884,2467773,7202860,4036656,2524269,725086,4.359,2.4485395320500003,0.8896017810690001,2.8933083803400006,4.78224553095,2.4769400593,1.98649171979,2.43909055597,4.06354862226,2.3311486807299997,2.60626984564
2011,Slovakia,0.0,20.8,19487.6,25.7,8.4,110.0,31791,26.6,7205.0,13.6,4.1,43.3,832064,740240,2058509,1083016,529697,154858,6.989,2.42064922001,0.8603097523659999,2.9560549391400004,5.2231788894500015,2.53873573578,1.9305936752400001,2.48113775053,4.2964223204100005,2.42322287271,2.62250905379
2011,Slovenia,0.0,20.4,21727.6,23.8,9.6,101.1,23127,28.3,11142.4,8.2,2.1,34.4,292501,226591,759815,431964,254911,87061,7.962000000000001,3.1034975516500003,1.00114021862,3.7487104754500002,6.287445190760001,3.1113448538300004,2.3728471836000002,3.09792020028,5.02311728625,2.9409822388999998,3.2651605254500002
2011,Spain,9.1,21.3,24189.3,34.0,7.6,92.2,0,34.5,11998.9,21.4,3.0,65.3,7045320,4749788,18558791,8333280,5639752,2415767,6.066,3.7921460363199997,1.8513602252,4.044023635569999,4.9708484447300005,4.09521648203,3.23793958408,3.91811716786,4.83362629248,3.46058966867,4.21011973182
2011,Sweden,10.7,26.1,33004.8,26.0,6.4,21.3,381114,41.6,15279.5,7.8,1.4,49.8,1574615,1246930,3103373,1763339,1263396,497561,5.187,5.835035519859999,1.7745542873500002,5.1450212874800005,5.70956759777,5.94140950349,4.2011907098500005,5.83928325955,5.94940646717,4.548765470669999,5.865652833
2011,United Kingdom,0.0,22.5,27773.9,33.0,8.9,253.6,0,36.4,13965.7,8.0,4.5,45.5,11124849,8252004,21875471,11501463,7590763,2914261,7.2829999999999995,4.74339542393,1.7297667422699998,4.618908627330001,4.93705871961,5.50682457877,3.6644901226,5.159010675719999,5.380251900730001,4.12623025185,5.304843492140001
